[08-Apr-2026 07:42:22 UTC] PHP Notice:  Function _load_textdomain_just_in_time was called <strong>incorrectly</strong>. Translation loading for the <code>acf</code> domain was triggered too early. This is usually an indicator for some code in the plugin or theme running too early. Translations should be loaded at the <code>init</code> action or later. Please see <a href="https://developer.wordpress.org/advanced-administration/debug/debug-wordpress/">Debugging in WordPress</a> for more information. (This message was added in version 6.7.0.) in /home/977018.cloudwaysapps.com/eexddamdea/public_html/wp-includes/functions.php on line 6131
[08-Apr-2026 07:42:22 UTC] PHP Deprecated:  Creation of dynamic property Dsm_Supreme_Modules_Pro_For_Divi::$settings_api is deprecated in /home/977018.cloudwaysapps.com/eexddamdea/public_html/wp-content/plugins/supreme-modules-pro-for-divi/includes/class-dsm-supreme-modules-pro-for-divi.php on line 184
[08-Apr-2026 07:42:26 UTC] PHP Notice:  Function _load_textdomain_just_in_time was called <strong>incorrectly</strong>. Translation loading for the <code>acf</code> domain was triggered too early. This is usually an indicator for some code in the plugin or theme running too early. Translations should be loaded at the <code>init</code> action or later. Please see <a href="https://developer.wordpress.org/advanced-administration/debug/debug-wordpress/">Debugging in WordPress</a> for more information. (This message was added in version 6.7.0.) in /home/977018.cloudwaysapps.com/eexddamdea/public_html/wp-includes/functions.php on line 6131
[08-Apr-2026 07:42:26 UTC] PHP Deprecated:  Creation of dynamic property Dsm_Supreme_Modules_Pro_For_Divi::$settings_api is deprecated in /home/977018.cloudwaysapps.com/eexddamdea/public_html/wp-content/plugins/supreme-modules-pro-for-divi/includes/class-dsm-supreme-modules-pro-for-divi.php on line 184
[08-Apr-2026 07:42:41 UTC] PHP Notice:  Function _load_textdomain_just_in_time was called <strong>incorrectly</strong>. Translation loading for the <code>acf</code> domain was triggered too early. This is usually an indicator for some code in the plugin or theme running too early. Translations should be loaded at the <code>init</code> action or later. Please see <a href="https://developer.wordpress.org/advanced-administration/debug/debug-wordpress/">Debugging in WordPress</a> for more information. (This message was added in version 6.7.0.) in /home/977018.cloudwaysapps.com/eexddamdea/public_html/wp-includes/functions.php on line 6131
[08-Apr-2026 07:42:41 UTC] PHP Deprecated:  Creation of dynamic property Dsm_Supreme_Modules_Pro_For_Divi::$settings_api is deprecated in /home/977018.cloudwaysapps.com/eexddamdea/public_html/wp-content/plugins/supreme-modules-pro-for-divi/includes/class-dsm-supreme-modules-pro-for-divi.php on line 184
[08-Apr-2026 07:42:42 UTC] PHP Fatal error:  Uncaught ArgumentCountError: Too few arguments to function {closure}(), 1 passed in /home/977018.cloudwaysapps.com/eexddamdea/public_html/wp-includes/class-wp-hook.php on line 343 and exactly 2 expected in /home/977018.cloudwaysapps.com/eexddamdea/public_html/wp-content/themes/custom/functions.php:152
Stack trace:
#0 /home/977018.cloudwaysapps.com/eexddamdea/public_html/wp-includes/class-wp-hook.php(343): {closure}()
#1 /home/977018.cloudwaysapps.com/eexddamdea/public_html/wp-includes/plugin.php(205): WP_Hook->apply_filters()
#2 /home/977018.cloudwaysapps.com/eexddamdea/public_html/wp-content/plugins/contact-form-7/includes/contact-form.php(1123): apply_filters()
#3 /home/977018.cloudwaysapps.com/eexddamdea/public_html/wp-content/plugins/contact-form-7/includes/contact-form.php(1107): WPCF7_ContactForm->filter_message()
#4 /home/977018.cloudwaysapps.com/eexddamdea/public_html/wp-content/plugins/contact-form-7/includes/submission.php(92): WPCF7_ContactForm->message()
#5 [internal function]: WPCF7_Submission->{closure}()
#6 /home/977018.cloudwaysapps.com/eexddamdea/public_html/wp-content/plugins/contact-form-7/includes/l10n.php(147): call_user_func()
#7 /home/977018.cloudwaysapps.com/eexddamdea/public_html/wp-content/plugins/contact-form-7/includes/submission.php(137): wpcf7_switch_locale()
#8 /home/977018.cloudwaysapps.com/eexddamdea/public_html/wp-content/plugins/contact-form-7/includes/submission.php(35): WPCF7_Submission->proceed()
#9 /home/977018.cloudwaysapps.com/eexddamdea/public_html/wp-content/plugins/contact-form-7/includes/contact-form.php(1075): WPCF7_Submission::get_instance()
#10 /home/977018.cloudwaysapps.com/eexddamdea/public_html/wp-content/plugins/contact-form-7/includes/rest-api.php(369): WPCF7_ContactForm->submit()
#11 /home/977018.cloudwaysapps.com/eexddamdea/public_html/wp-includes/rest-api/class-wp-rest-server.php(1292): WPCF7_REST_Controller->create_feedback()
#12 /home/977018.cloudwaysapps.com/eexddamdea/public_html/wp-includes/rest-api/class-wp-rest-server.php(1125): WP_REST_Server->respond_to_request()
#13 /home/977018.cloudwaysapps.com/eexddamdea/public_html/wp-includes/rest-api/class-wp-rest-server.php(439): WP_REST_Server->dispatch()
#14 /home/977018.cloudwaysapps.com/eexddamdea/public_html/wp-includes/rest-api.php(467): WP_REST_Server->serve_request()
#15 /home/977018.cloudwaysapps.com/eexddamdea/public_html/wp-includes/class-wp-hook.php(341): rest_api_loaded()
#16 /home/977018.cloudwaysapps.com/eexddamdea/public_html/wp-includes/class-wp-hook.php(365): WP_Hook->apply_filters()
#17 /home/977018.cloudwaysapps.com/eexddamdea/public_html/wp-includes/plugin.php(570): WP_Hook->do_action()
#18 /home/977018.cloudwaysapps.com/eexddamdea/public_html/wp-includes/class-wp.php(418): do_action_ref_array()
#19 /home/977018.cloudwaysapps.com/eexddamdea/public_html/wp-includes/class-wp.php(821): WP->parse_request()
#20 /home/977018.cloudwaysapps.com/eexddamdea/public_html/wp-includes/functions.php(1343): WP->main()
#21 /home/977018.cloudwaysapps.com/eexddamdea/public_html/wp-blog-header.php(16): wp()
#22 /home/977018.cloudwaysapps.com/eexddamdea/public_html/index.php(17): require('...')
#23 {main}
  thrown in /home/977018.cloudwaysapps.com/eexddamdea/public_html/wp-content/themes/custom/functions.php on line 152
[08-Apr-2026 07:42:45 UTC] PHP Notice:  Function _load_textdomain_just_in_time was called <strong>incorrectly</strong>. Translation loading for the <code>acf</code> domain was triggered too early. This is usually an indicator for some code in the plugin or theme running too early. Translations should be loaded at the <code>init</code> action or later. Please see <a href="https://developer.wordpress.org/advanced-administration/debug/debug-wordpress/">Debugging in WordPress</a> for more information. (This message was added in version 6.7.0.) in /home/977018.cloudwaysapps.com/eexddamdea/public_html/wp-includes/functions.php on line 6131
[08-Apr-2026 07:42:45 UTC] PHP Deprecated:  Creation of dynamic property Dsm_Supreme_Modules_Pro_For_Divi::$settings_api is deprecated in /home/977018.cloudwaysapps.com/eexddamdea/public_html/wp-content/plugins/supreme-modules-pro-for-divi/includes/class-dsm-supreme-modules-pro-for-divi.php on line 184
[08-Apr-2026 07:44:26 UTC] PHP Notice:  Function _load_textdomain_just_in_time was called <strong>incorrectly</strong>. Translation loading for the <code>acf</code> domain was triggered too early. This is usually an indicator for some code in the plugin or theme running too early. Translations should be loaded at the <code>init</code> action or later. Please see <a href="https://developer.wordpress.org/advanced-administration/debug/debug-wordpress/">Debugging in WordPress</a> for more information. (This message was added in version 6.7.0.) in /home/977018.cloudwaysapps.com/eexddamdea/public_html/wp-includes/functions.php on line 6131
[08-Apr-2026 07:44:26 UTC] PHP Deprecated:  Creation of dynamic property Dsm_Supreme_Modules_Pro_For_Divi::$settings_api is deprecated in /home/977018.cloudwaysapps.com/eexddamdea/public_html/wp-content/plugins/supreme-modules-pro-for-divi/includes/class-dsm-supreme-modules-pro-for-divi.php on line 184
[08-Apr-2026 07:44:46 UTC] PHP Notice:  Function _load_textdomain_just_in_time was called <strong>incorrectly</strong>. Translation loading for the <code>acf</code> domain was triggered too early. This is usually an indicator for some code in the plugin or theme running too early. Translations should be loaded at the <code>init</code> action or later. Please see <a href="https://developer.wordpress.org/advanced-administration/debug/debug-wordpress/">Debugging in WordPress</a> for more information. (This message was added in version 6.7.0.) in /home/977018.cloudwaysapps.com/eexddamdea/public_html/wp-includes/functions.php on line 6131
[08-Apr-2026 07:44:46 UTC] PHP Deprecated:  Creation of dynamic property Dsm_Supreme_Modules_Pro_For_Divi::$settings_api is deprecated in /home/977018.cloudwaysapps.com/eexddamdea/public_html/wp-content/plugins/supreme-modules-pro-for-divi/includes/class-dsm-supreme-modules-pro-for-divi.php on line 184
[08-Apr-2026 07:46:27 UTC] PHP Notice:  Function _load_textdomain_just_in_time was called <strong>incorrectly</strong>. Translation loading for the <code>acf</code> domain was triggered too early. This is usually an indicator for some code in the plugin or theme running too early. Translations should be loaded at the <code>init</code> action or later. Please see <a href="https://developer.wordpress.org/advanced-administration/debug/debug-wordpress/">Debugging in WordPress</a> for more information. (This message was added in version 6.7.0.) in /home/977018.cloudwaysapps.com/eexddamdea/public_html/wp-includes/functions.php on line 6131
[08-Apr-2026 07:46:28 UTC] PHP Deprecated:  Creation of dynamic property Dsm_Supreme_Modules_Pro_For_Divi::$settings_api is deprecated in /home/977018.cloudwaysapps.com/eexddamdea/public_html/wp-content/plugins/supreme-modules-pro-for-divi/includes/class-dsm-supreme-modules-pro-for-divi.php on line 184
[08-Apr-2026 07:46:47 UTC] PHP Notice:  Function _load_textdomain_just_in_time was called <strong>incorrectly</strong>. Translation loading for the <code>acf</code> domain was triggered too early. This is usually an indicator for some code in the plugin or theme running too early. Translations should be loaded at the <code>init</code> action or later. Please see <a href="https://developer.wordpress.org/advanced-administration/debug/debug-wordpress/">Debugging in WordPress</a> for more information. (This message was added in version 6.7.0.) in /home/977018.cloudwaysapps.com/eexddamdea/public_html/wp-includes/functions.php on line 6131
[08-Apr-2026 07:46:47 UTC] PHP Deprecated:  Creation of dynamic property Dsm_Supreme_Modules_Pro_For_Divi::$settings_api is deprecated in /home/977018.cloudwaysapps.com/eexddamdea/public_html/wp-content/plugins/supreme-modules-pro-for-divi/includes/class-dsm-supreme-modules-pro-for-divi.php on line 184
[08-Apr-2026 07:47:10 UTC] PHP Notice:  Function _load_textdomain_just_in_time was called <strong>incorrectly</strong>. Translation loading for the <code>acf</code> domain was triggered too early. This is usually an indicator for some code in the plugin or theme running too early. Translations should be loaded at the <code>init</code> action or later. Please see <a href="https://developer.wordpress.org/advanced-administration/debug/debug-wordpress/">Debugging in WordPress</a> for more information. (This message was added in version 6.7.0.) in /home/977018.cloudwaysapps.com/eexddamdea/public_html/wp-includes/functions.php on line 6131
[08-Apr-2026 07:47:10 UTC] PHP Deprecated:  Creation of dynamic property Dsm_Supreme_Modules_Pro_For_Divi::$settings_api is deprecated in /home/977018.cloudwaysapps.com/eexddamdea/public_html/wp-content/plugins/supreme-modules-pro-for-divi/includes/class-dsm-supreme-modules-pro-for-divi.php on line 184
[08-Apr-2026 07:47:11 UTC] PHP Notice:  Function _load_textdomain_just_in_time was called <strong>incorrectly</strong>. Translation loading for the <code>acf</code> domain was triggered too early. This is usually an indicator for some code in the plugin or theme running too early. Translations should be loaded at the <code>init</code> action or later. Please see <a href="https://developer.wordpress.org/advanced-administration/debug/debug-wordpress/">Debugging in WordPress</a> for more information. (This message was added in version 6.7.0.) in /home/977018.cloudwaysapps.com/eexddamdea/public_html/wp-includes/functions.php on line 6131
[08-Apr-2026 07:47:12 UTC] PHP Deprecated:  Creation of dynamic property Dsm_Supreme_Modules_Pro_For_Divi::$settings_api is deprecated in /home/977018.cloudwaysapps.com/eexddamdea/public_html/wp-content/plugins/supreme-modules-pro-for-divi/includes/class-dsm-supreme-modules-pro-for-divi.php on line 184
[08-Apr-2026 07:47:13 UTC] PHP Notice:  Function _load_textdomain_just_in_time was called <strong>incorrectly</strong>. Translation loading for the <code>acf</code> domain was triggered too early. This is usually an indicator for some code in the plugin or theme running too early. Translations should be loaded at the <code>init</code> action or later. Please see <a href="https://developer.wordpress.org/advanced-administration/debug/debug-wordpress/">Debugging in WordPress</a> for more information. (This message was added in version 6.7.0.) in /home/977018.cloudwaysapps.com/eexddamdea/public_html/wp-includes/functions.php on line 6131
[08-Apr-2026 07:47:13 UTC] PHP Deprecated:  Creation of dynamic property Dsm_Supreme_Modules_Pro_For_Divi::$settings_api is deprecated in /home/977018.cloudwaysapps.com/eexddamdea/public_html/wp-content/plugins/supreme-modules-pro-for-divi/includes/class-dsm-supreme-modules-pro-for-divi.php on line 184
[08-Apr-2026 07:47:15 UTC] PHP Deprecated:  Creation of dynamic property DSM_AnimatedGradientText::$icon_path is deprecated in /home/977018.cloudwaysapps.com/eexddamdea/public_html/wp-content/themes/Divi/includes/builder/class-et-builder-element.php on line 1425
[08-Apr-2026 07:47:15 UTC] PHP Deprecated:  Creation of dynamic property DSM_Text_Badges::$icon_path is deprecated in /home/977018.cloudwaysapps.com/eexddamdea/public_html/wp-content/themes/Divi/includes/builder/class-et-builder-element.php on line 1425
[08-Apr-2026 07:47:15 UTC] PHP Deprecated:  Creation of dynamic property DSM_Before_After_Image::$icon_path is deprecated in /home/977018.cloudwaysapps.com/eexddamdea/public_html/wp-content/themes/Divi/includes/builder/class-et-builder-element.php on line 1425
[08-Apr-2026 07:47:15 UTC] PHP Deprecated:  Automatic conversion of false to array is deprecated in /home/977018.cloudwaysapps.com/eexddamdea/public_html/wp-content/plugins/supreme-modules-pro-for-divi/includes/modules/BlobImage/BlobImage.php on line 450
[08-Apr-2026 07:47:15 UTC] PHP Deprecated:  Creation of dynamic property DSM_Block_Reveal_Image::$icon_path is deprecated in /home/977018.cloudwaysapps.com/eexddamdea/public_html/wp-content/themes/Divi/includes/builder/class-et-builder-element.php on line 1425
[08-Apr-2026 07:47:15 UTC] PHP Deprecated:  Creation of dynamic property DSM_BlockRevealText::$icon_path is deprecated in /home/977018.cloudwaysapps.com/eexddamdea/public_html/wp-content/themes/Divi/includes/builder/class-et-builder-element.php on line 1425
[08-Apr-2026 07:47:15 UTC] PHP Deprecated:  Using ${var} in strings is deprecated, use {$var} instead in /home/977018.cloudwaysapps.com/eexddamdea/public_html/wp-content/plugins/supreme-modules-pro-for-divi/includes/modules/BlogCarousel/BlogCarousel.php on line 1622
[08-Apr-2026 07:47:15 UTC] PHP Deprecated:  Creation of dynamic property DSM_BlogCarousel::$icon_path is deprecated in /home/977018.cloudwaysapps.com/eexddamdea/public_html/wp-content/themes/Divi/includes/builder/class-et-builder-element.php on line 1425
[08-Apr-2026 07:47:15 UTC] PHP Deprecated:  Automatic conversion of false to array is deprecated in /home/977018.cloudwaysapps.com/eexddamdea/public_html/wp-content/plugins/supreme-modules-pro-for-divi/includes/modules/BlogCarousel/BlogCarousel.php on line 107
[08-Apr-2026 07:47:15 UTC] PHP Deprecated:  Creation of dynamic property DSM_Breadcrumbs::$icon_path is deprecated in /home/977018.cloudwaysapps.com/eexddamdea/public_html/wp-content/themes/Divi/includes/builder/class-et-builder-element.php on line 1425
[08-Apr-2026 07:47:15 UTC] PHP Deprecated:  Automatic conversion of false to array is deprecated in /home/977018.cloudwaysapps.com/eexddamdea/public_html/wp-content/plugins/supreme-modules-pro-for-divi/includes/modules/Breadcrumbs/Breadcrumbs.php on line 112
[08-Apr-2026 07:47:15 UTC] PHP Deprecated:  Creation of dynamic property DSM_Business_Hours::$icon_path is deprecated in /home/977018.cloudwaysapps.com/eexddamdea/public_html/wp-content/themes/Divi/includes/builder/class-et-builder-element.php on line 1425
[08-Apr-2026 07:47:16 UTC] PHP Deprecated:  Creation of dynamic property DSM_Button::$icon_path is deprecated in /home/977018.cloudwaysapps.com/eexddamdea/public_html/wp-content/themes/Divi/includes/builder/class-et-builder-element.php on line 1425
[08-Apr-2026 07:47:16 UTC] PHP Deprecated:  Creation of dynamic property DSM_CalderaForms::$icon_path is deprecated in /home/977018.cloudwaysapps.com/eexddamdea/public_html/wp-content/themes/Divi/includes/builder/class-et-builder-element.php on line 1425
[08-Apr-2026 07:47:16 UTC] PHP Deprecated:  Using ${var} in strings is deprecated, use {$var} instead in /home/977018.cloudwaysapps.com/eexddamdea/public_html/wp-content/plugins/supreme-modules-pro-for-divi/includes/modules/Card/Card.php on line 1719
[08-Apr-2026 07:47:16 UTC] PHP Deprecated:  Creation of dynamic property DSM_Card::$icon_path is deprecated in /home/977018.cloudwaysapps.com/eexddamdea/public_html/wp-content/themes/Divi/includes/builder/class-et-builder-element.php on line 1425
[08-Apr-2026 07:47:16 UTC] PHP Deprecated:  Using ${var} in strings is deprecated, use {$var} instead in /home/977018.cloudwaysapps.com/eexddamdea/public_html/wp-content/plugins/supreme-modules-pro-for-divi/includes/modules/CardCarousel/CardCarousel.php on line 1825
[08-Apr-2026 07:47:16 UTC] PHP Deprecated:  Creation of dynamic property DSM_CardCarousel::$icon_path is deprecated in /home/977018.cloudwaysapps.com/eexddamdea/public_html/wp-content/themes/Divi/includes/builder/class-et-builder-element.php on line 1425
[08-Apr-2026 07:47:16 UTC] PHP Deprecated:  Using ${var} in strings is deprecated, use {$var} instead in /home/977018.cloudwaysapps.com/eexddamdea/public_html/wp-content/plugins/supreme-modules-pro-for-divi/includes/modules/CardCarouselChild/CardCarouselChild.php on line 1446
[08-Apr-2026 07:47:16 UTC] PHP Deprecated:  Creation of dynamic property DSM_ContactForm7::$icon_path is deprecated in /home/977018.cloudwaysapps.com/eexddamdea/public_html/wp-content/themes/Divi/includes/builder/class-et-builder-element.php on line 1425
[08-Apr-2026 07:47:16 UTC] PHP Deprecated:  Creation of dynamic property DSM_Content_Toggle::$icon_path is deprecated in /home/977018.cloudwaysapps.com/eexddamdea/public_html/wp-content/themes/Divi/includes/builder/class-et-builder-element.php on line 1425
[08-Apr-2026 07:47:16 UTC] PHP Deprecated:  Automatic conversion of false to array is deprecated in /home/977018.cloudwaysapps.com/eexddamdea/public_html/wp-content/plugins/supreme-modules-pro-for-divi/includes/modules/ContentToggle/ContentToggle.php on line 48
[08-Apr-2026 07:47:16 UTC] PHP Deprecated:  Creation of dynamic property DSM_Dual_Heading::$icon_path is deprecated in /home/977018.cloudwaysapps.com/eexddamdea/public_html/wp-content/themes/Divi/includes/builder/class-et-builder-element.php on line 1425
[08-Apr-2026 07:47:16 UTC] PHP Deprecated:  Creation of dynamic property DSM_EmbedGoogleMap::$icon_path is deprecated in /home/977018.cloudwaysapps.com/eexddamdea/public_html/wp-content/themes/Divi/includes/builder/class-et-builder-element.php on line 1425
[08-Apr-2026 07:47:16 UTC] PHP Deprecated:  Creation of dynamic property DSM_TwitterEmbeddedTimeline::$icon_path is deprecated in /home/977018.cloudwaysapps.com/eexddamdea/public_html/wp-content/themes/Divi/includes/builder/class-et-builder-element.php on line 1425
[08-Apr-2026 07:47:16 UTC] PHP Deprecated:  Creation of dynamic property DSM_FacebookEmbed::$icon_path is deprecated in /home/977018.cloudwaysapps.com/eexddamdea/public_html/wp-content/themes/Divi/includes/builder/class-et-builder-element.php on line 1425
[08-Apr-2026 07:47:16 UTC] PHP Deprecated:  Creation of dynamic property DSM_FacebookLikeButton::$icon_path is deprecated in /home/977018.cloudwaysapps.com/eexddamdea/public_html/wp-content/themes/Divi/includes/builder/class-et-builder-element.php on line 1425
[08-Apr-2026 07:47:16 UTC] PHP Deprecated:  Creation of dynamic property DSM_FacebookSimpleComments::$icon_path is deprecated in /home/977018.cloudwaysapps.com/eexddamdea/public_html/wp-content/themes/Divi/includes/builder/class-et-builder-element.php on line 1425
[08-Apr-2026 07:47:16 UTC] PHP Deprecated:  Creation of dynamic property DSM_FacebookSimpleFeed::$icon_path is deprecated in /home/977018.cloudwaysapps.com/eexddamdea/public_html/wp-content/themes/Divi/includes/builder/class-et-builder-element.php on line 1425
[08-Apr-2026 07:47:16 UTC] PHP Deprecated:  Using ${var} in strings is deprecated, use {$var} instead in /home/977018.cloudwaysapps.com/eexddamdea/public_html/wp-content/plugins/supreme-modules-pro-for-divi/includes/modules/FlipBoxPerk/FlipBoxPerk.php on line 367
[08-Apr-2026 07:47:16 UTC] PHP Deprecated:  Using ${var} in strings is deprecated, use {$var} instead in /home/977018.cloudwaysapps.com/eexddamdea/public_html/wp-content/plugins/supreme-modules-pro-for-divi/includes/modules/FlipBoxPerk/FlipBoxPerk.php on line 371
[08-Apr-2026 07:47:16 UTC] PHP Deprecated:  Using ${var} in strings is deprecated, use {$var} instead in /home/977018.cloudwaysapps.com/eexddamdea/public_html/wp-content/plugins/supreme-modules-pro-for-divi/includes/modules/FlipBoxPerk/FlipBoxPerk.php on line 372
[08-Apr-2026 07:47:16 UTC] PHP Deprecated:  Using ${var} in strings is deprecated, use {$var} instead in /home/977018.cloudwaysapps.com/eexddamdea/public_html/wp-content/plugins/supreme-modules-pro-for-divi/includes/modules/FlipBoxPerk/FlipBoxPerk.php on line 374
[08-Apr-2026 07:47:16 UTC] PHP Deprecated:  Creation of dynamic property DSM_FlipBox_Perk::$icon_path is deprecated in /home/977018.cloudwaysapps.com/eexddamdea/public_html/wp-content/themes/Divi/includes/builder/class-et-builder-element.php on line 1425
[08-Apr-2026 07:47:16 UTC] PHP Deprecated:  Creation of dynamic property DSM_FlipBox_Perk_Child::$icon_element_selector is deprecated in /home/977018.cloudwaysapps.com/eexddamdea/public_html/wp-content/themes/Divi/includes/builder/class-et-builder-element.php on line 1425
[08-Apr-2026 07:47:16 UTC] PHP Deprecated:  Creation of dynamic property DSM_FlipBox_Perk_Child::$icon_element_classname is deprecated in /home/977018.cloudwaysapps.com/eexddamdea/public_html/wp-content/themes/Divi/includes/builder/class-et-builder-element.php on line 1425
[08-Apr-2026 07:47:16 UTC] PHP Deprecated:  Creation of dynamic property DSM_FloatingMultiImages::$icon_path is deprecated in /home/977018.cloudwaysapps.com/eexddamdea/public_html/wp-content/themes/Divi/includes/builder/class-et-builder-element.php on line 1425
[08-Apr-2026 07:47:16 UTC] PHP Deprecated:  Creation of dynamic property DSM_GlitchText::$icon_path is deprecated in /home/977018.cloudwaysapps.com/eexddamdea/public_html/wp-content/themes/Divi/includes/builder/class-et-builder-element.php on line 1425
[08-Apr-2026 07:47:16 UTC] PHP Deprecated:  Creation of dynamic property DSM_GradientText::$icon_path is deprecated in /home/977018.cloudwaysapps.com/eexddamdea/public_html/wp-content/themes/Divi/includes/builder/class-et-builder-element.php on line 1425
[08-Apr-2026 07:47:16 UTC] PHP Deprecated:  Creation of dynamic property DSM_Icon_Divider::$icon_path is deprecated in /home/977018.cloudwaysapps.com/eexddamdea/public_html/wp-content/themes/Divi/includes/builder/class-et-builder-element.php on line 1425
[08-Apr-2026 07:47:16 UTC] PHP Deprecated:  Creation of dynamic property DSM_Icon_Divider::$icon_element_selector is deprecated in /home/977018.cloudwaysapps.com/eexddamdea/public_html/wp-content/themes/Divi/includes/builder/class-et-builder-element.php on line 1425
[08-Apr-2026 07:47:16 UTC] PHP Deprecated:  Creation of dynamic property DSM_Icon_Divider::$icon_element_classname is deprecated in /home/977018.cloudwaysapps.com/eexddamdea/public_html/wp-content/themes/Divi/includes/builder/class-et-builder-element.php on line 1425
[08-Apr-2026 07:47:16 UTC] PHP Deprecated:  Creation of dynamic property DSM_Icon_List::$icon_path is deprecated in /home/977018.cloudwaysapps.com/eexddamdea/public_html/wp-content/themes/Divi/includes/builder/class-et-builder-element.php on line 1425
[08-Apr-2026 07:47:16 UTC] PHP Deprecated:  Creation of dynamic property DSM_Icon_List_Child::$icon_element_selector is deprecated in /home/977018.cloudwaysapps.com/eexddamdea/public_html/wp-content/themes/Divi/includes/builder/class-et-builder-element.php on line 1425
[08-Apr-2026 07:47:16 UTC] PHP Deprecated:  Creation of dynamic property DSM_Icon_List_Child::$icon_element_classname is deprecated in /home/977018.cloudwaysapps.com/eexddamdea/public_html/wp-content/themes/Divi/includes/builder/class-et-builder-element.php on line 1425
[08-Apr-2026 07:47:16 UTC] PHP Deprecated:  Creation of dynamic property DSM_ImageAccordion::$icon_path is deprecated in /home/977018.cloudwaysapps.com/eexddamdea/public_html/wp-content/themes/Divi/includes/builder/class-et-builder-element.php on line 1425
[08-Apr-2026 07:47:16 UTC] PHP Deprecated:  Automatic conversion of false to array is deprecated in /home/977018.cloudwaysapps.com/eexddamdea/public_html/wp-content/plugins/supreme-modules-pro-for-divi/includes/modules/ImageAccordion/ImageAccordion.php on line 193
[08-Apr-2026 07:47:16 UTC] PHP Deprecated:  Automatic conversion of false to array is deprecated in /home/977018.cloudwaysapps.com/eexddamdea/public_html/wp-content/plugins/supreme-modules-pro-for-divi/includes/modules/ImageAccordionChild/ImageAccordionChild.php on line 315
[08-Apr-2026 07:47:16 UTC] PHP Deprecated:  Creation of dynamic property DSM_ImageCarousel::$icon_path is deprecated in /home/977018.cloudwaysapps.com/eexddamdea/public_html/wp-content/themes/Divi/includes/builder/class-et-builder-element.php on line 1425
[08-Apr-2026 07:47:16 UTC] PHP Deprecated:  Creation of dynamic property DSM_Image_Hotspots::$icon_path is deprecated in /home/977018.cloudwaysapps.com/eexddamdea/public_html/wp-content/themes/Divi/includes/builder/class-et-builder-element.php on line 1425
[08-Apr-2026 07:47:16 UTC] PHP Deprecated:  Creation of dynamic property DSM_ImageHoverReveal::$icon_path is deprecated in /home/977018.cloudwaysapps.com/eexddamdea/public_html/wp-content/themes/Divi/includes/builder/class-et-builder-element.php on line 1425
[08-Apr-2026 07:47:16 UTC] PHP Deprecated:  Creation of dynamic property DSM_ImageReveal::$icon_path is deprecated in /home/977018.cloudwaysapps.com/eexddamdea/public_html/wp-content/themes/Divi/includes/builder/class-et-builder-element.php on line 1425
[08-Apr-2026 07:47:16 UTC] PHP Deprecated:  Creation of dynamic property DSM_Lottie::$icon_path is deprecated in /home/977018.cloudwaysapps.com/eexddamdea/public_html/wp-content/themes/Divi/includes/builder/class-et-builder-element.php on line 1425
[08-Apr-2026 07:47:16 UTC] PHP Deprecated:  Creation of dynamic property DSM_MaskText::$icon_path is deprecated in /home/977018.cloudwaysapps.com/eexddamdea/public_html/wp-content/themes/Divi/includes/builder/class-et-builder-element.php on line 1425
[08-Apr-2026 07:47:16 UTC] PHP Deprecated:  Creation of dynamic property DSM_MasonryGallery::$icon_path is deprecated in /home/977018.cloudwaysapps.com/eexddamdea/public_html/wp-content/themes/Divi/includes/builder/class-et-builder-element.php on line 1425
[08-Apr-2026 07:47:16 UTC] PHP Deprecated:  Automatic conversion of false to array is deprecated in /home/977018.cloudwaysapps.com/eexddamdea/public_html/wp-content/plugins/supreme-modules-pro-for-divi/includes/modules/MasonryGallery/MasonryGallery.php on line 87
[08-Apr-2026 07:47:16 UTC] PHP Deprecated:  Creation of dynamic property DSM_NavMenu::$icon_path is deprecated in /home/977018.cloudwaysapps.com/eexddamdea/public_html/wp-content/themes/Divi/includes/builder/class-et-builder-element.php on line 1425
[08-Apr-2026 07:47:16 UTC] PHP Deprecated:  Creation of dynamic property DSM_Perspective_Image::$icon_path is deprecated in /home/977018.cloudwaysapps.com/eexddamdea/public_html/wp-content/themes/Divi/includes/builder/class-et-builder-element.php on line 1425
[08-Apr-2026 07:47:16 UTC] PHP Deprecated:  Creation of dynamic property DSM_PostCarousel::$icon_path is deprecated in /home/977018.cloudwaysapps.com/eexddamdea/public_html/wp-content/themes/Divi/includes/builder/class-et-builder-element.php on line 1425
[08-Apr-2026 07:47:16 UTC] PHP Deprecated:  Automatic conversion of false to array is deprecated in /home/977018.cloudwaysapps.com/eexddamdea/public_html/wp-content/plugins/supreme-modules-pro-for-divi/includes/modules/PostCarousel/PostCarousel.php on line 106
[08-Apr-2026 07:47:16 UTC] PHP Deprecated:  Creation of dynamic property DSM_PriceList::$icon_path is deprecated in /home/977018.cloudwaysapps.com/eexddamdea/public_html/wp-content/themes/Divi/includes/builder/class-et-builder-element.php on line 1425
[08-Apr-2026 07:47:16 UTC] PHP Deprecated:  Creation of dynamic property DSM_Scroll_Image::$icon_path is deprecated in /home/977018.cloudwaysapps.com/eexddamdea/public_html/wp-content/themes/Divi/includes/builder/class-et-builder-element.php on line 1425
[08-Apr-2026 07:47:16 UTC] PHP Deprecated:  Creation of dynamic property DSM_Shapes::$icon_path is deprecated in /home/977018.cloudwaysapps.com/eexddamdea/public_html/wp-content/themes/Divi/includes/builder/class-et-builder-element.php on line 1425
[08-Apr-2026 07:47:16 UTC] PHP Deprecated:  Creation of dynamic property DSM_ShuffleLetters::$icon_path is deprecated in /home/977018.cloudwaysapps.com/eexddamdea/public_html/wp-content/themes/Divi/includes/builder/class-et-builder-element.php on line 1425
[08-Apr-2026 07:47:16 UTC] PHP Deprecated:  Using ${var} in strings is deprecated, use {$var} instead in /home/977018.cloudwaysapps.com/eexddamdea/public_html/wp-content/plugins/supreme-modules-pro-for-divi/includes/modules/StarRating/StarRating.php on line 402
[08-Apr-2026 07:47:16 UTC] PHP Deprecated:  Using ${var} in strings is deprecated, use {$var} instead in /home/977018.cloudwaysapps.com/eexddamdea/public_html/wp-content/plugins/supreme-modules-pro-for-divi/includes/modules/StarRating/StarRating.php on line 402
[08-Apr-2026 07:47:16 UTC] PHP Deprecated:  Using ${var} in strings is deprecated, use {$var} instead in /home/977018.cloudwaysapps.com/eexddamdea/public_html/wp-content/plugins/supreme-modules-pro-for-divi/includes/modules/StarRating/StarRating.php on line 413
[08-Apr-2026 07:47:16 UTC] PHP Deprecated:  Using ${var} in strings is deprecated, use {$var} instead in /home/977018.cloudwaysapps.com/eexddamdea/public_html/wp-content/plugins/supreme-modules-pro-for-divi/includes/modules/StarRating/StarRating.php on line 413
[08-Apr-2026 07:47:16 UTC] PHP Deprecated:  Creation of dynamic property DSM_Star_Rating::$icon_path is deprecated in /home/977018.cloudwaysapps.com/eexddamdea/public_html/wp-content/themes/Divi/includes/builder/class-et-builder-element.php on line 1425
[08-Apr-2026 07:47:16 UTC] PHP Deprecated:  Creation of dynamic property DSM_Text_Divider::$icon_path is deprecated in /home/977018.cloudwaysapps.com/eexddamdea/public_html/wp-content/themes/Divi/includes/builder/class-et-builder-element.php on line 1425
[08-Apr-2026 07:47:16 UTC] PHP Deprecated:  Creation of dynamic property DSM_TextNotation::$icon_path is deprecated in /home/977018.cloudwaysapps.com/eexddamdea/public_html/wp-content/themes/Divi/includes/builder/class-et-builder-element.php on line 1425
[08-Apr-2026 07:47:16 UTC] PHP Deprecated:  Creation of dynamic property DSM_TextRotator::$icon_path is deprecated in /home/977018.cloudwaysapps.com/eexddamdea/public_html/wp-content/themes/Divi/includes/builder/class-et-builder-element.php on line 1425
[08-Apr-2026 07:47:16 UTC] PHP Deprecated:  Creation of dynamic property DSM_Tilt_Image::$icon_path is deprecated in /home/977018.cloudwaysapps.com/eexddamdea/public_html/wp-content/themes/Divi/includes/builder/class-et-builder-element.php on line 1425
[08-Apr-2026 07:47:16 UTC] PHP Deprecated:  Creation of dynamic property DSM_TypingEffect::$icon_path is deprecated in /home/977018.cloudwaysapps.com/eexddamdea/public_html/wp-content/themes/Divi/includes/builder/class-et-builder-element.php on line 1425
[08-Apr-2026 07:47:17 UTC] PHP Notice:  Function _load_textdomain_just_in_time was called <strong>incorrectly</strong>. Translation loading for the <code>acf</code> domain was triggered too early. This is usually an indicator for some code in the plugin or theme running too early. Translations should be loaded at the <code>init</code> action or later. Please see <a href="https://developer.wordpress.org/advanced-administration/debug/debug-wordpress/">Debugging in WordPress</a> for more information. (This message was added in version 6.7.0.) in /home/977018.cloudwaysapps.com/eexddamdea/public_html/wp-includes/functions.php on line 6131
[08-Apr-2026 07:47:17 UTC] PHP Deprecated:  Creation of dynamic property Dsm_Supreme_Modules_Pro_For_Divi::$settings_api is deprecated in /home/977018.cloudwaysapps.com/eexddamdea/public_html/wp-content/plugins/supreme-modules-pro-for-divi/includes/class-dsm-supreme-modules-pro-for-divi.php on line 184
[08-Apr-2026 07:47:26 UTC] PHP Notice:  Function _load_textdomain_just_in_time was called <strong>incorrectly</strong>. Translation loading for the <code>acf</code> domain was triggered too early. This is usually an indicator for some code in the plugin or theme running too early. Translations should be loaded at the <code>init</code> action or later. Please see <a href="https://developer.wordpress.org/advanced-administration/debug/debug-wordpress/">Debugging in WordPress</a> for more information. (This message was added in version 6.7.0.) in /home/977018.cloudwaysapps.com/eexddamdea/public_html/wp-includes/functions.php on line 6131
[08-Apr-2026 07:47:26 UTC] PHP Deprecated:  Creation of dynamic property Dsm_Supreme_Modules_Pro_For_Divi::$settings_api is deprecated in /home/977018.cloudwaysapps.com/eexddamdea/public_html/wp-content/plugins/supreme-modules-pro-for-divi/includes/class-dsm-supreme-modules-pro-for-divi.php on line 184
[08-Apr-2026 07:48:09 UTC] PHP Notice:  Function _load_textdomain_just_in_time was called <strong>incorrectly</strong>. Translation loading for the <code>acf</code> domain was triggered too early. This is usually an indicator for some code in the plugin or theme running too early. Translations should be loaded at the <code>init</code> action or later. Please see <a href="https://developer.wordpress.org/advanced-administration/debug/debug-wordpress/">Debugging in WordPress</a> for more information. (This message was added in version 6.7.0.) in /home/977018.cloudwaysapps.com/eexddamdea/public_html/wp-includes/functions.php on line 6131
[08-Apr-2026 07:48:09 UTC] PHP Deprecated:  Creation of dynamic property Dsm_Supreme_Modules_Pro_For_Divi::$settings_api is deprecated in /home/977018.cloudwaysapps.com/eexddamdea/public_html/wp-content/plugins/supreme-modules-pro-for-divi/includes/class-dsm-supreme-modules-pro-for-divi.php on line 184
[08-Apr-2026 07:48:10 UTC] PHP Notice:  Function _load_textdomain_just_in_time was called <strong>incorrectly</strong>. Translation loading for the <code>acf</code> domain was triggered too early. This is usually an indicator for some code in the plugin or theme running too early. Translations should be loaded at the <code>init</code> action or later. Please see <a href="https://developer.wordpress.org/advanced-administration/debug/debug-wordpress/">Debugging in WordPress</a> for more information. (This message was added in version 6.7.0.) in /home/977018.cloudwaysapps.com/eexddamdea/public_html/wp-includes/functions.php on line 6131
[08-Apr-2026 07:48:10 UTC] PHP Deprecated:  Creation of dynamic property Dsm_Supreme_Modules_Pro_For_Divi::$settings_api is deprecated in /home/977018.cloudwaysapps.com/eexddamdea/public_html/wp-content/plugins/supreme-modules-pro-for-divi/includes/class-dsm-supreme-modules-pro-for-divi.php on line 184
[08-Apr-2026 07:48:12 UTC] PHP Notice:  Function _load_textdomain_just_in_time was called <strong>incorrectly</strong>. Translation loading for the <code>acf</code> domain was triggered too early. This is usually an indicator for some code in the plugin or theme running too early. Translations should be loaded at the <code>init</code> action or later. Please see <a href="https://developer.wordpress.org/advanced-administration/debug/debug-wordpress/">Debugging in WordPress</a> for more information. (This message was added in version 6.7.0.) in /home/977018.cloudwaysapps.com/eexddamdea/public_html/wp-includes/functions.php on line 6131
[08-Apr-2026 07:48:12 UTC] PHP Deprecated:  Creation of dynamic property Dsm_Supreme_Modules_Pro_For_Divi::$settings_api is deprecated in /home/977018.cloudwaysapps.com/eexddamdea/public_html/wp-content/plugins/supreme-modules-pro-for-divi/includes/class-dsm-supreme-modules-pro-for-divi.php on line 184
[08-Apr-2026 07:48:12 UTC] PHP Notice:  Function _load_textdomain_just_in_time was called <strong>incorrectly</strong>. Translation loading for the <code>acf</code> domain was triggered too early. This is usually an indicator for some code in the plugin or theme running too early. Translations should be loaded at the <code>init</code> action or later. Please see <a href="https://developer.wordpress.org/advanced-administration/debug/debug-wordpress/">Debugging in WordPress</a> for more information. (This message was added in version 6.7.0.) in /home/977018.cloudwaysapps.com/eexddamdea/public_html/wp-includes/functions.php on line 6131
[08-Apr-2026 07:48:12 UTC] PHP Deprecated:  Creation of dynamic property Dsm_Supreme_Modules_Pro_For_Divi::$settings_api is deprecated in /home/977018.cloudwaysapps.com/eexddamdea/public_html/wp-content/plugins/supreme-modules-pro-for-divi/includes/class-dsm-supreme-modules-pro-for-divi.php on line 184
[08-Apr-2026 07:48:14 UTC] PHP Deprecated:  Creation of dynamic property DSM_AnimatedGradientText::$icon_path is deprecated in /home/977018.cloudwaysapps.com/eexddamdea/public_html/wp-content/themes/Divi/includes/builder/class-et-builder-element.php on line 1425
[08-Apr-2026 07:48:14 UTC] PHP Deprecated:  Creation of dynamic property DSM_Text_Badges::$icon_path is deprecated in /home/977018.cloudwaysapps.com/eexddamdea/public_html/wp-content/themes/Divi/includes/builder/class-et-builder-element.php on line 1425
[08-Apr-2026 07:48:14 UTC] PHP Deprecated:  Creation of dynamic property DSM_Before_After_Image::$icon_path is deprecated in /home/977018.cloudwaysapps.com/eexddamdea/public_html/wp-content/themes/Divi/includes/builder/class-et-builder-element.php on line 1425
[08-Apr-2026 07:48:14 UTC] PHP Deprecated:  Automatic conversion of false to array is deprecated in /home/977018.cloudwaysapps.com/eexddamdea/public_html/wp-content/plugins/supreme-modules-pro-for-divi/includes/modules/BlobImage/BlobImage.php on line 450
[08-Apr-2026 07:48:14 UTC] PHP Deprecated:  Creation of dynamic property DSM_Block_Reveal_Image::$icon_path is deprecated in /home/977018.cloudwaysapps.com/eexddamdea/public_html/wp-content/themes/Divi/includes/builder/class-et-builder-element.php on line 1425
[08-Apr-2026 07:48:14 UTC] PHP Deprecated:  Creation of dynamic property DSM_BlockRevealText::$icon_path is deprecated in /home/977018.cloudwaysapps.com/eexddamdea/public_html/wp-content/themes/Divi/includes/builder/class-et-builder-element.php on line 1425
[08-Apr-2026 07:48:14 UTC] PHP Deprecated:  Using ${var} in strings is deprecated, use {$var} instead in /home/977018.cloudwaysapps.com/eexddamdea/public_html/wp-content/plugins/supreme-modules-pro-for-divi/includes/modules/BlogCarousel/BlogCarousel.php on line 1622
[08-Apr-2026 07:48:14 UTC] PHP Deprecated:  Creation of dynamic property DSM_BlogCarousel::$icon_path is deprecated in /home/977018.cloudwaysapps.com/eexddamdea/public_html/wp-content/themes/Divi/includes/builder/class-et-builder-element.php on line 1425
[08-Apr-2026 07:48:14 UTC] PHP Deprecated:  Automatic conversion of false to array is deprecated in /home/977018.cloudwaysapps.com/eexddamdea/public_html/wp-content/plugins/supreme-modules-pro-for-divi/includes/modules/BlogCarousel/BlogCarousel.php on line 107
[08-Apr-2026 07:48:14 UTC] PHP Deprecated:  Creation of dynamic property DSM_Breadcrumbs::$icon_path is deprecated in /home/977018.cloudwaysapps.com/eexddamdea/public_html/wp-content/themes/Divi/includes/builder/class-et-builder-element.php on line 1425
[08-Apr-2026 07:48:14 UTC] PHP Deprecated:  Automatic conversion of false to array is deprecated in /home/977018.cloudwaysapps.com/eexddamdea/public_html/wp-content/plugins/supreme-modules-pro-for-divi/includes/modules/Breadcrumbs/Breadcrumbs.php on line 112
[08-Apr-2026 07:48:14 UTC] PHP Deprecated:  Creation of dynamic property DSM_Business_Hours::$icon_path is deprecated in /home/977018.cloudwaysapps.com/eexddamdea/public_html/wp-content/themes/Divi/includes/builder/class-et-builder-element.php on line 1425
[08-Apr-2026 07:48:14 UTC] PHP Deprecated:  Creation of dynamic property DSM_Button::$icon_path is deprecated in /home/977018.cloudwaysapps.com/eexddamdea/public_html/wp-content/themes/Divi/includes/builder/class-et-builder-element.php on line 1425
[08-Apr-2026 07:48:14 UTC] PHP Deprecated:  Creation of dynamic property DSM_CalderaForms::$icon_path is deprecated in /home/977018.cloudwaysapps.com/eexddamdea/public_html/wp-content/themes/Divi/includes/builder/class-et-builder-element.php on line 1425
[08-Apr-2026 07:48:14 UTC] PHP Deprecated:  Using ${var} in strings is deprecated, use {$var} instead in /home/977018.cloudwaysapps.com/eexddamdea/public_html/wp-content/plugins/supreme-modules-pro-for-divi/includes/modules/Card/Card.php on line 1719
[08-Apr-2026 07:48:14 UTC] PHP Deprecated:  Creation of dynamic property DSM_Card::$icon_path is deprecated in /home/977018.cloudwaysapps.com/eexddamdea/public_html/wp-content/themes/Divi/includes/builder/class-et-builder-element.php on line 1425
[08-Apr-2026 07:48:14 UTC] PHP Deprecated:  Using ${var} in strings is deprecated, use {$var} instead in /home/977018.cloudwaysapps.com/eexddamdea/public_html/wp-content/plugins/supreme-modules-pro-for-divi/includes/modules/CardCarousel/CardCarousel.php on line 1825
[08-Apr-2026 07:48:14 UTC] PHP Deprecated:  Creation of dynamic property DSM_CardCarousel::$icon_path is deprecated in /home/977018.cloudwaysapps.com/eexddamdea/public_html/wp-content/themes/Divi/includes/builder/class-et-builder-element.php on line 1425
[08-Apr-2026 07:48:14 UTC] PHP Deprecated:  Using ${var} in strings is deprecated, use {$var} instead in /home/977018.cloudwaysapps.com/eexddamdea/public_html/wp-content/plugins/supreme-modules-pro-for-divi/includes/modules/CardCarouselChild/CardCarouselChild.php on line 1446
[08-Apr-2026 07:48:14 UTC] PHP Deprecated:  Creation of dynamic property DSM_ContactForm7::$icon_path is deprecated in /home/977018.cloudwaysapps.com/eexddamdea/public_html/wp-content/themes/Divi/includes/builder/class-et-builder-element.php on line 1425
[08-Apr-2026 07:48:14 UTC] PHP Deprecated:  Creation of dynamic property DSM_Content_Toggle::$icon_path is deprecated in /home/977018.cloudwaysapps.com/eexddamdea/public_html/wp-content/themes/Divi/includes/builder/class-et-builder-element.php on line 1425
[08-Apr-2026 07:48:14 UTC] PHP Deprecated:  Automatic conversion of false to array is deprecated in /home/977018.cloudwaysapps.com/eexddamdea/public_html/wp-content/plugins/supreme-modules-pro-for-divi/includes/modules/ContentToggle/ContentToggle.php on line 48
[08-Apr-2026 07:48:14 UTC] PHP Deprecated:  Creation of dynamic property DSM_Dual_Heading::$icon_path is deprecated in /home/977018.cloudwaysapps.com/eexddamdea/public_html/wp-content/themes/Divi/includes/builder/class-et-builder-element.php on line 1425
[08-Apr-2026 07:48:14 UTC] PHP Deprecated:  Creation of dynamic property DSM_EmbedGoogleMap::$icon_path is deprecated in /home/977018.cloudwaysapps.com/eexddamdea/public_html/wp-content/themes/Divi/includes/builder/class-et-builder-element.php on line 1425
[08-Apr-2026 07:48:14 UTC] PHP Deprecated:  Creation of dynamic property DSM_TwitterEmbeddedTimeline::$icon_path is deprecated in /home/977018.cloudwaysapps.com/eexddamdea/public_html/wp-content/themes/Divi/includes/builder/class-et-builder-element.php on line 1425
[08-Apr-2026 07:48:14 UTC] PHP Deprecated:  Creation of dynamic property DSM_FacebookEmbed::$icon_path is deprecated in /home/977018.cloudwaysapps.com/eexddamdea/public_html/wp-content/themes/Divi/includes/builder/class-et-builder-element.php on line 1425
[08-Apr-2026 07:48:14 UTC] PHP Deprecated:  Creation of dynamic property DSM_FacebookLikeButton::$icon_path is deprecated in /home/977018.cloudwaysapps.com/eexddamdea/public_html/wp-content/themes/Divi/includes/builder/class-et-builder-element.php on line 1425
[08-Apr-2026 07:48:14 UTC] PHP Deprecated:  Creation of dynamic property DSM_FacebookSimpleComments::$icon_path is deprecated in /home/977018.cloudwaysapps.com/eexddamdea/public_html/wp-content/themes/Divi/includes/builder/class-et-builder-element.php on line 1425
[08-Apr-2026 07:48:14 UTC] PHP Deprecated:  Creation of dynamic property DSM_FacebookSimpleFeed::$icon_path is deprecated in /home/977018.cloudwaysapps.com/eexddamdea/public_html/wp-content/themes/Divi/includes/builder/class-et-builder-element.php on line 1425
[08-Apr-2026 07:48:14 UTC] PHP Deprecated:  Using ${var} in strings is deprecated, use {$var} instead in /home/977018.cloudwaysapps.com/eexddamdea/public_html/wp-content/plugins/supreme-modules-pro-for-divi/includes/modules/FlipBoxPerk/FlipBoxPerk.php on line 367
[08-Apr-2026 07:48:14 UTC] PHP Deprecated:  Using ${var} in strings is deprecated, use {$var} instead in /home/977018.cloudwaysapps.com/eexddamdea/public_html/wp-content/plugins/supreme-modules-pro-for-divi/includes/modules/FlipBoxPerk/FlipBoxPerk.php on line 371
[08-Apr-2026 07:48:14 UTC] PHP Deprecated:  Using ${var} in strings is deprecated, use {$var} instead in /home/977018.cloudwaysapps.com/eexddamdea/public_html/wp-content/plugins/supreme-modules-pro-for-divi/includes/modules/FlipBoxPerk/FlipBoxPerk.php on line 372
[08-Apr-2026 07:48:14 UTC] PHP Deprecated:  Using ${var} in strings is deprecated, use {$var} instead in /home/977018.cloudwaysapps.com/eexddamdea/public_html/wp-content/plugins/supreme-modules-pro-for-divi/includes/modules/FlipBoxPerk/FlipBoxPerk.php on line 374
[08-Apr-2026 07:48:14 UTC] PHP Deprecated:  Creation of dynamic property DSM_FlipBox_Perk::$icon_path is deprecated in /home/977018.cloudwaysapps.com/eexddamdea/public_html/wp-content/themes/Divi/includes/builder/class-et-builder-element.php on line 1425
[08-Apr-2026 07:48:14 UTC] PHP Deprecated:  Creation of dynamic property DSM_FlipBox_Perk_Child::$icon_element_selector is deprecated in /home/977018.cloudwaysapps.com/eexddamdea/public_html/wp-content/themes/Divi/includes/builder/class-et-builder-element.php on line 1425
[08-Apr-2026 07:48:14 UTC] PHP Deprecated:  Creation of dynamic property DSM_FlipBox_Perk_Child::$icon_element_classname is deprecated in /home/977018.cloudwaysapps.com/eexddamdea/public_html/wp-content/themes/Divi/includes/builder/class-et-builder-element.php on line 1425
[08-Apr-2026 07:48:14 UTC] PHP Deprecated:  Creation of dynamic property DSM_FloatingMultiImages::$icon_path is deprecated in /home/977018.cloudwaysapps.com/eexddamdea/public_html/wp-content/themes/Divi/includes/builder/class-et-builder-element.php on line 1425
[08-Apr-2026 07:48:14 UTC] PHP Deprecated:  Creation of dynamic property DSM_GlitchText::$icon_path is deprecated in /home/977018.cloudwaysapps.com/eexddamdea/public_html/wp-content/themes/Divi/includes/builder/class-et-builder-element.php on line 1425
[08-Apr-2026 07:48:14 UTC] PHP Deprecated:  Creation of dynamic property DSM_GradientText::$icon_path is deprecated in /home/977018.cloudwaysapps.com/eexddamdea/public_html/wp-content/themes/Divi/includes/builder/class-et-builder-element.php on line 1425
[08-Apr-2026 07:48:14 UTC] PHP Deprecated:  Creation of dynamic property DSM_Icon_Divider::$icon_path is deprecated in /home/977018.cloudwaysapps.com/eexddamdea/public_html/wp-content/themes/Divi/includes/builder/class-et-builder-element.php on line 1425
[08-Apr-2026 07:48:14 UTC] PHP Deprecated:  Creation of dynamic property DSM_Icon_Divider::$icon_element_selector is deprecated in /home/977018.cloudwaysapps.com/eexddamdea/public_html/wp-content/themes/Divi/includes/builder/class-et-builder-element.php on line 1425
[08-Apr-2026 07:48:14 UTC] PHP Deprecated:  Creation of dynamic property DSM_Icon_Divider::$icon_element_classname is deprecated in /home/977018.cloudwaysapps.com/eexddamdea/public_html/wp-content/themes/Divi/includes/builder/class-et-builder-element.php on line 1425
[08-Apr-2026 07:48:14 UTC] PHP Deprecated:  Creation of dynamic property DSM_Icon_List::$icon_path is deprecated in /home/977018.cloudwaysapps.com/eexddamdea/public_html/wp-content/themes/Divi/includes/builder/class-et-builder-element.php on line 1425
[08-Apr-2026 07:48:14 UTC] PHP Deprecated:  Creation of dynamic property DSM_Icon_List_Child::$icon_element_selector is deprecated in /home/977018.cloudwaysapps.com/eexddamdea/public_html/wp-content/themes/Divi/includes/builder/class-et-builder-element.php on line 1425
[08-Apr-2026 07:48:14 UTC] PHP Deprecated:  Creation of dynamic property DSM_Icon_List_Child::$icon_element_classname is deprecated in /home/977018.cloudwaysapps.com/eexddamdea/public_html/wp-content/themes/Divi/includes/builder/class-et-builder-element.php on line 1425
[08-Apr-2026 07:48:14 UTC] PHP Deprecated:  Creation of dynamic property DSM_ImageAccordion::$icon_path is deprecated in /home/977018.cloudwaysapps.com/eexddamdea/public_html/wp-content/themes/Divi/includes/builder/class-et-builder-element.php on line 1425
[08-Apr-2026 07:48:14 UTC] PHP Deprecated:  Automatic conversion of false to array is deprecated in /home/977018.cloudwaysapps.com/eexddamdea/public_html/wp-content/plugins/supreme-modules-pro-for-divi/includes/modules/ImageAccordion/ImageAccordion.php on line 193
[08-Apr-2026 07:48:14 UTC] PHP Deprecated:  Automatic conversion of false to array is deprecated in /home/977018.cloudwaysapps.com/eexddamdea/public_html/wp-content/plugins/supreme-modules-pro-for-divi/includes/modules/ImageAccordionChild/ImageAccordionChild.php on line 315
[08-Apr-2026 07:48:14 UTC] PHP Deprecated:  Creation of dynamic property DSM_ImageCarousel::$icon_path is deprecated in /home/977018.cloudwaysapps.com/eexddamdea/public_html/wp-content/themes/Divi/includes/builder/class-et-builder-element.php on line 1425
[08-Apr-2026 07:48:14 UTC] PHP Deprecated:  Creation of dynamic property DSM_Image_Hotspots::$icon_path is deprecated in /home/977018.cloudwaysapps.com/eexddamdea/public_html/wp-content/themes/Divi/includes/builder/class-et-builder-element.php on line 1425
[08-Apr-2026 07:48:14 UTC] PHP Deprecated:  Creation of dynamic property DSM_ImageHoverReveal::$icon_path is deprecated in /home/977018.cloudwaysapps.com/eexddamdea/public_html/wp-content/themes/Divi/includes/builder/class-et-builder-element.php on line 1425
[08-Apr-2026 07:48:14 UTC] PHP Deprecated:  Creation of dynamic property DSM_ImageReveal::$icon_path is deprecated in /home/977018.cloudwaysapps.com/eexddamdea/public_html/wp-content/themes/Divi/includes/builder/class-et-builder-element.php on line 1425
[08-Apr-2026 07:48:14 UTC] PHP Deprecated:  Creation of dynamic property DSM_Lottie::$icon_path is deprecated in /home/977018.cloudwaysapps.com/eexddamdea/public_html/wp-content/themes/Divi/includes/builder/class-et-builder-element.php on line 1425
[08-Apr-2026 07:48:14 UTC] PHP Deprecated:  Creation of dynamic property DSM_MaskText::$icon_path is deprecated in /home/977018.cloudwaysapps.com/eexddamdea/public_html/wp-content/themes/Divi/includes/builder/class-et-builder-element.php on line 1425
[08-Apr-2026 07:48:14 UTC] PHP Deprecated:  Creation of dynamic property DSM_MasonryGallery::$icon_path is deprecated in /home/977018.cloudwaysapps.com/eexddamdea/public_html/wp-content/themes/Divi/includes/builder/class-et-builder-element.php on line 1425
[08-Apr-2026 07:48:14 UTC] PHP Deprecated:  Automatic conversion of false to array is deprecated in /home/977018.cloudwaysapps.com/eexddamdea/public_html/wp-content/plugins/supreme-modules-pro-for-divi/includes/modules/MasonryGallery/MasonryGallery.php on line 87
[08-Apr-2026 07:48:14 UTC] PHP Deprecated:  Creation of dynamic property DSM_NavMenu::$icon_path is deprecated in /home/977018.cloudwaysapps.com/eexddamdea/public_html/wp-content/themes/Divi/includes/builder/class-et-builder-element.php on line 1425
[08-Apr-2026 07:48:14 UTC] PHP Deprecated:  Creation of dynamic property DSM_Perspective_Image::$icon_path is deprecated in /home/977018.cloudwaysapps.com/eexddamdea/public_html/wp-content/themes/Divi/includes/builder/class-et-builder-element.php on line 1425
[08-Apr-2026 07:48:14 UTC] PHP Deprecated:  Creation of dynamic property DSM_PostCarousel::$icon_path is deprecated in /home/977018.cloudwaysapps.com/eexddamdea/public_html/wp-content/themes/Divi/includes/builder/class-et-builder-element.php on line 1425
[08-Apr-2026 07:48:14 UTC] PHP Deprecated:  Automatic conversion of false to array is deprecated in /home/977018.cloudwaysapps.com/eexddamdea/public_html/wp-content/plugins/supreme-modules-pro-for-divi/includes/modules/PostCarousel/PostCarousel.php on line 106
[08-Apr-2026 07:48:14 UTC] PHP Deprecated:  Creation of dynamic property DSM_PriceList::$icon_path is deprecated in /home/977018.cloudwaysapps.com/eexddamdea/public_html/wp-content/themes/Divi/includes/builder/class-et-builder-element.php on line 1425
[08-Apr-2026 07:48:14 UTC] PHP Deprecated:  Creation of dynamic property DSM_Scroll_Image::$icon_path is deprecated in /home/977018.cloudwaysapps.com/eexddamdea/public_html/wp-content/themes/Divi/includes/builder/class-et-builder-element.php on line 1425
[08-Apr-2026 07:48:14 UTC] PHP Deprecated:  Creation of dynamic property DSM_Shapes::$icon_path is deprecated in /home/977018.cloudwaysapps.com/eexddamdea/public_html/wp-content/themes/Divi/includes/builder/class-et-builder-element.php on line 1425
[08-Apr-2026 07:48:14 UTC] PHP Deprecated:  Creation of dynamic property DSM_ShuffleLetters::$icon_path is deprecated in /home/977018.cloudwaysapps.com/eexddamdea/public_html/wp-content/themes/Divi/includes/builder/class-et-builder-element.php on line 1425
[08-Apr-2026 07:48:14 UTC] PHP Deprecated:  Using ${var} in strings is deprecated, use {$var} instead in /home/977018.cloudwaysapps.com/eexddamdea/public_html/wp-content/plugins/supreme-modules-pro-for-divi/includes/modules/StarRating/StarRating.php on line 402
[08-Apr-2026 07:48:14 UTC] PHP Deprecated:  Using ${var} in strings is deprecated, use {$var} instead in /home/977018.cloudwaysapps.com/eexddamdea/public_html/wp-content/plugins/supreme-modules-pro-for-divi/includes/modules/StarRating/StarRating.php on line 402
[08-Apr-2026 07:48:14 UTC] PHP Deprecated:  Using ${var} in strings is deprecated, use {$var} instead in /home/977018.cloudwaysapps.com/eexddamdea/public_html/wp-content/plugins/supreme-modules-pro-for-divi/includes/modules/StarRating/StarRating.php on line 413
[08-Apr-2026 07:48:14 UTC] PHP Deprecated:  Using ${var} in strings is deprecated, use {$var} instead in /home/977018.cloudwaysapps.com/eexddamdea/public_html/wp-content/plugins/supreme-modules-pro-for-divi/includes/modules/StarRating/StarRating.php on line 413
[08-Apr-2026 07:48:14 UTC] PHP Deprecated:  Creation of dynamic property DSM_Star_Rating::$icon_path is deprecated in /home/977018.cloudwaysapps.com/eexddamdea/public_html/wp-content/themes/Divi/includes/builder/class-et-builder-element.php on line 1425
[08-Apr-2026 07:48:14 UTC] PHP Deprecated:  Creation of dynamic property DSM_Text_Divider::$icon_path is deprecated in /home/977018.cloudwaysapps.com/eexddamdea/public_html/wp-content/themes/Divi/includes/builder/class-et-builder-element.php on line 1425
[08-Apr-2026 07:48:14 UTC] PHP Deprecated:  Creation of dynamic property DSM_TextNotation::$icon_path is deprecated in /home/977018.cloudwaysapps.com/eexddamdea/public_html/wp-content/themes/Divi/includes/builder/class-et-builder-element.php on line 1425
[08-Apr-2026 07:48:14 UTC] PHP Deprecated:  Creation of dynamic property DSM_TextRotator::$icon_path is deprecated in /home/977018.cloudwaysapps.com/eexddamdea/public_html/wp-content/themes/Divi/includes/builder/class-et-builder-element.php on line 1425
[08-Apr-2026 07:48:14 UTC] PHP Deprecated:  Creation of dynamic property DSM_Tilt_Image::$icon_path is deprecated in /home/977018.cloudwaysapps.com/eexddamdea/public_html/wp-content/themes/Divi/includes/builder/class-et-builder-element.php on line 1425
[08-Apr-2026 07:48:14 UTC] PHP Deprecated:  Creation of dynamic property DSM_TypingEffect::$icon_path is deprecated in /home/977018.cloudwaysapps.com/eexddamdea/public_html/wp-content/themes/Divi/includes/builder/class-et-builder-element.php on line 1425
[08-Apr-2026 07:48:14 UTC] PHP Notice:  Function _load_textdomain_just_in_time was called <strong>incorrectly</strong>. Translation loading for the <code>acf</code> domain was triggered too early. This is usually an indicator for some code in the plugin or theme running too early. Translations should be loaded at the <code>init</code> action or later. Please see <a href="https://developer.wordpress.org/advanced-administration/debug/debug-wordpress/">Debugging in WordPress</a> for more information. (This message was added in version 6.7.0.) in /home/977018.cloudwaysapps.com/eexddamdea/public_html/wp-includes/functions.php on line 6131
[08-Apr-2026 07:48:15 UTC] PHP Deprecated:  Creation of dynamic property Dsm_Supreme_Modules_Pro_For_Divi::$settings_api is deprecated in /home/977018.cloudwaysapps.com/eexddamdea/public_html/wp-content/plugins/supreme-modules-pro-for-divi/includes/class-dsm-supreme-modules-pro-for-divi.php on line 184
[08-Apr-2026 07:48:28 UTC] PHP Notice:  Function _load_textdomain_just_in_time was called <strong>incorrectly</strong>. Translation loading for the <code>acf</code> domain was triggered too early. This is usually an indicator for some code in the plugin or theme running too early. Translations should be loaded at the <code>init</code> action or later. Please see <a href="https://developer.wordpress.org/advanced-administration/debug/debug-wordpress/">Debugging in WordPress</a> for more information. (This message was added in version 6.7.0.) in /home/977018.cloudwaysapps.com/eexddamdea/public_html/wp-includes/functions.php on line 6131
[08-Apr-2026 07:48:28 UTC] PHP Deprecated:  Creation of dynamic property Dsm_Supreme_Modules_Pro_For_Divi::$settings_api is deprecated in /home/977018.cloudwaysapps.com/eexddamdea/public_html/wp-content/plugins/supreme-modules-pro-for-divi/includes/class-dsm-supreme-modules-pro-for-divi.php on line 184
[08-Apr-2026 07:48:34 UTC] PHP Notice:  Function _load_textdomain_just_in_time was called <strong>incorrectly</strong>. Translation loading for the <code>acf</code> domain was triggered too early. This is usually an indicator for some code in the plugin or theme running too early. Translations should be loaded at the <code>init</code> action or later. Please see <a href="https://developer.wordpress.org/advanced-administration/debug/debug-wordpress/">Debugging in WordPress</a> for more information. (This message was added in version 6.7.0.) in /home/977018.cloudwaysapps.com/eexddamdea/public_html/wp-includes/functions.php on line 6131
[08-Apr-2026 07:48:34 UTC] PHP Deprecated:  Creation of dynamic property Dsm_Supreme_Modules_Pro_For_Divi::$settings_api is deprecated in /home/977018.cloudwaysapps.com/eexddamdea/public_html/wp-content/plugins/supreme-modules-pro-for-divi/includes/class-dsm-supreme-modules-pro-for-divi.php on line 184
[08-Apr-2026 07:48:36 UTC] PHP Notice:  Function _load_textdomain_just_in_time was called <strong>incorrectly</strong>. Translation loading for the <code>acf</code> domain was triggered too early. This is usually an indicator for some code in the plugin or theme running too early. Translations should be loaded at the <code>init</code> action or later. Please see <a href="https://developer.wordpress.org/advanced-administration/debug/debug-wordpress/">Debugging in WordPress</a> for more information. (This message was added in version 6.7.0.) in /home/977018.cloudwaysapps.com/eexddamdea/public_html/wp-includes/functions.php on line 6131
[08-Apr-2026 07:48:36 UTC] PHP Deprecated:  Creation of dynamic property Dsm_Supreme_Modules_Pro_For_Divi::$settings_api is deprecated in /home/977018.cloudwaysapps.com/eexddamdea/public_html/wp-content/plugins/supreme-modules-pro-for-divi/includes/class-dsm-supreme-modules-pro-for-divi.php on line 184
[08-Apr-2026 07:48:38 UTC] PHP Notice:  Function _load_textdomain_just_in_time was called <strong>incorrectly</strong>. Translation loading for the <code>acf</code> domain was triggered too early. This is usually an indicator for some code in the plugin or theme running too early. Translations should be loaded at the <code>init</code> action or later. Please see <a href="https://developer.wordpress.org/advanced-administration/debug/debug-wordpress/">Debugging in WordPress</a> for more information. (This message was added in version 6.7.0.) in /home/977018.cloudwaysapps.com/eexddamdea/public_html/wp-includes/functions.php on line 6131
[08-Apr-2026 07:48:38 UTC] PHP Deprecated:  Creation of dynamic property Dsm_Supreme_Modules_Pro_For_Divi::$settings_api is deprecated in /home/977018.cloudwaysapps.com/eexddamdea/public_html/wp-content/plugins/supreme-modules-pro-for-divi/includes/class-dsm-supreme-modules-pro-for-divi.php on line 184
[08-Apr-2026 07:48:39 UTC] PHP Deprecated:  Creation of dynamic property DSM_AnimatedGradientText::$icon_path is deprecated in /home/977018.cloudwaysapps.com/eexddamdea/public_html/wp-content/themes/Divi/includes/builder/class-et-builder-element.php on line 1425
[08-Apr-2026 07:48:39 UTC] PHP Deprecated:  Creation of dynamic property DSM_Text_Badges::$icon_path is deprecated in /home/977018.cloudwaysapps.com/eexddamdea/public_html/wp-content/themes/Divi/includes/builder/class-et-builder-element.php on line 1425
[08-Apr-2026 07:48:39 UTC] PHP Deprecated:  Creation of dynamic property DSM_Before_After_Image::$icon_path is deprecated in /home/977018.cloudwaysapps.com/eexddamdea/public_html/wp-content/themes/Divi/includes/builder/class-et-builder-element.php on line 1425
[08-Apr-2026 07:48:39 UTC] PHP Deprecated:  Automatic conversion of false to array is deprecated in /home/977018.cloudwaysapps.com/eexddamdea/public_html/wp-content/plugins/supreme-modules-pro-for-divi/includes/modules/BlobImage/BlobImage.php on line 450
[08-Apr-2026 07:48:39 UTC] PHP Deprecated:  Creation of dynamic property DSM_Block_Reveal_Image::$icon_path is deprecated in /home/977018.cloudwaysapps.com/eexddamdea/public_html/wp-content/themes/Divi/includes/builder/class-et-builder-element.php on line 1425
[08-Apr-2026 07:48:39 UTC] PHP Deprecated:  Creation of dynamic property DSM_BlockRevealText::$icon_path is deprecated in /home/977018.cloudwaysapps.com/eexddamdea/public_html/wp-content/themes/Divi/includes/builder/class-et-builder-element.php on line 1425
[08-Apr-2026 07:48:39 UTC] PHP Deprecated:  Using ${var} in strings is deprecated, use {$var} instead in /home/977018.cloudwaysapps.com/eexddamdea/public_html/wp-content/plugins/supreme-modules-pro-for-divi/includes/modules/BlogCarousel/BlogCarousel.php on line 1622
[08-Apr-2026 07:48:39 UTC] PHP Deprecated:  Creation of dynamic property DSM_BlogCarousel::$icon_path is deprecated in /home/977018.cloudwaysapps.com/eexddamdea/public_html/wp-content/themes/Divi/includes/builder/class-et-builder-element.php on line 1425
[08-Apr-2026 07:48:39 UTC] PHP Deprecated:  Automatic conversion of false to array is deprecated in /home/977018.cloudwaysapps.com/eexddamdea/public_html/wp-content/plugins/supreme-modules-pro-for-divi/includes/modules/BlogCarousel/BlogCarousel.php on line 107
[08-Apr-2026 07:48:39 UTC] PHP Deprecated:  Creation of dynamic property DSM_Breadcrumbs::$icon_path is deprecated in /home/977018.cloudwaysapps.com/eexddamdea/public_html/wp-content/themes/Divi/includes/builder/class-et-builder-element.php on line 1425
[08-Apr-2026 07:48:39 UTC] PHP Deprecated:  Automatic conversion of false to array is deprecated in /home/977018.cloudwaysapps.com/eexddamdea/public_html/wp-content/plugins/supreme-modules-pro-for-divi/includes/modules/Breadcrumbs/Breadcrumbs.php on line 112
[08-Apr-2026 07:48:39 UTC] PHP Deprecated:  Creation of dynamic property DSM_Business_Hours::$icon_path is deprecated in /home/977018.cloudwaysapps.com/eexddamdea/public_html/wp-content/themes/Divi/includes/builder/class-et-builder-element.php on line 1425
[08-Apr-2026 07:48:39 UTC] PHP Deprecated:  Creation of dynamic property DSM_Button::$icon_path is deprecated in /home/977018.cloudwaysapps.com/eexddamdea/public_html/wp-content/themes/Divi/includes/builder/class-et-builder-element.php on line 1425
[08-Apr-2026 07:48:39 UTC] PHP Deprecated:  Creation of dynamic property DSM_CalderaForms::$icon_path is deprecated in /home/977018.cloudwaysapps.com/eexddamdea/public_html/wp-content/themes/Divi/includes/builder/class-et-builder-element.php on line 1425
[08-Apr-2026 07:48:39 UTC] PHP Deprecated:  Using ${var} in strings is deprecated, use {$var} instead in /home/977018.cloudwaysapps.com/eexddamdea/public_html/wp-content/plugins/supreme-modules-pro-for-divi/includes/modules/Card/Card.php on line 1719
[08-Apr-2026 07:48:39 UTC] PHP Deprecated:  Creation of dynamic property DSM_Card::$icon_path is deprecated in /home/977018.cloudwaysapps.com/eexddamdea/public_html/wp-content/themes/Divi/includes/builder/class-et-builder-element.php on line 1425
[08-Apr-2026 07:48:39 UTC] PHP Deprecated:  Using ${var} in strings is deprecated, use {$var} instead in /home/977018.cloudwaysapps.com/eexddamdea/public_html/wp-content/plugins/supreme-modules-pro-for-divi/includes/modules/CardCarousel/CardCarousel.php on line 1825
[08-Apr-2026 07:48:39 UTC] PHP Deprecated:  Creation of dynamic property DSM_CardCarousel::$icon_path is deprecated in /home/977018.cloudwaysapps.com/eexddamdea/public_html/wp-content/themes/Divi/includes/builder/class-et-builder-element.php on line 1425
[08-Apr-2026 07:48:39 UTC] PHP Deprecated:  Using ${var} in strings is deprecated, use {$var} instead in /home/977018.cloudwaysapps.com/eexddamdea/public_html/wp-content/plugins/supreme-modules-pro-for-divi/includes/modules/CardCarouselChild/CardCarouselChild.php on line 1446
[08-Apr-2026 07:48:39 UTC] PHP Deprecated:  Creation of dynamic property DSM_ContactForm7::$icon_path is deprecated in /home/977018.cloudwaysapps.com/eexddamdea/public_html/wp-content/themes/Divi/includes/builder/class-et-builder-element.php on line 1425
[08-Apr-2026 07:48:39 UTC] PHP Deprecated:  Creation of dynamic property DSM_Content_Toggle::$icon_path is deprecated in /home/977018.cloudwaysapps.com/eexddamdea/public_html/wp-content/themes/Divi/includes/builder/class-et-builder-element.php on line 1425
[08-Apr-2026 07:48:39 UTC] PHP Deprecated:  Automatic conversion of false to array is deprecated in /home/977018.cloudwaysapps.com/eexddamdea/public_html/wp-content/plugins/supreme-modules-pro-for-divi/includes/modules/ContentToggle/ContentToggle.php on line 48
[08-Apr-2026 07:48:39 UTC] PHP Deprecated:  Creation of dynamic property DSM_Dual_Heading::$icon_path is deprecated in /home/977018.cloudwaysapps.com/eexddamdea/public_html/wp-content/themes/Divi/includes/builder/class-et-builder-element.php on line 1425
[08-Apr-2026 07:48:39 UTC] PHP Deprecated:  Creation of dynamic property DSM_EmbedGoogleMap::$icon_path is deprecated in /home/977018.cloudwaysapps.com/eexddamdea/public_html/wp-content/themes/Divi/includes/builder/class-et-builder-element.php on line 1425
[08-Apr-2026 07:48:39 UTC] PHP Deprecated:  Creation of dynamic property DSM_TwitterEmbeddedTimeline::$icon_path is deprecated in /home/977018.cloudwaysapps.com/eexddamdea/public_html/wp-content/themes/Divi/includes/builder/class-et-builder-element.php on line 1425
[08-Apr-2026 07:48:39 UTC] PHP Deprecated:  Creation of dynamic property DSM_FacebookEmbed::$icon_path is deprecated in /home/977018.cloudwaysapps.com/eexddamdea/public_html/wp-content/themes/Divi/includes/builder/class-et-builder-element.php on line 1425
[08-Apr-2026 07:48:40 UTC] PHP Deprecated:  Creation of dynamic property DSM_FacebookLikeButton::$icon_path is deprecated in /home/977018.cloudwaysapps.com/eexddamdea/public_html/wp-content/themes/Divi/includes/builder/class-et-builder-element.php on line 1425
[08-Apr-2026 07:48:40 UTC] PHP Deprecated:  Creation of dynamic property DSM_FacebookSimpleComments::$icon_path is deprecated in /home/977018.cloudwaysapps.com/eexddamdea/public_html/wp-content/themes/Divi/includes/builder/class-et-builder-element.php on line 1425
[08-Apr-2026 07:48:40 UTC] PHP Deprecated:  Creation of dynamic property DSM_FacebookSimpleFeed::$icon_path is deprecated in /home/977018.cloudwaysapps.com/eexddamdea/public_html/wp-content/themes/Divi/includes/builder/class-et-builder-element.php on line 1425
[08-Apr-2026 07:48:40 UTC] PHP Deprecated:  Using ${var} in strings is deprecated, use {$var} instead in /home/977018.cloudwaysapps.com/eexddamdea/public_html/wp-content/plugins/supreme-modules-pro-for-divi/includes/modules/FlipBoxPerk/FlipBoxPerk.php on line 367
[08-Apr-2026 07:48:40 UTC] PHP Deprecated:  Using ${var} in strings is deprecated, use {$var} instead in /home/977018.cloudwaysapps.com/eexddamdea/public_html/wp-content/plugins/supreme-modules-pro-for-divi/includes/modules/FlipBoxPerk/FlipBoxPerk.php on line 371
[08-Apr-2026 07:48:40 UTC] PHP Deprecated:  Using ${var} in strings is deprecated, use {$var} instead in /home/977018.cloudwaysapps.com/eexddamdea/public_html/wp-content/plugins/supreme-modules-pro-for-divi/includes/modules/FlipBoxPerk/FlipBoxPerk.php on line 372
[08-Apr-2026 07:48:40 UTC] PHP Deprecated:  Using ${var} in strings is deprecated, use {$var} instead in /home/977018.cloudwaysapps.com/eexddamdea/public_html/wp-content/plugins/supreme-modules-pro-for-divi/includes/modules/FlipBoxPerk/FlipBoxPerk.php on line 374
[08-Apr-2026 07:48:40 UTC] PHP Deprecated:  Creation of dynamic property DSM_FlipBox_Perk::$icon_path is deprecated in /home/977018.cloudwaysapps.com/eexddamdea/public_html/wp-content/themes/Divi/includes/builder/class-et-builder-element.php on line 1425
[08-Apr-2026 07:48:40 UTC] PHP Deprecated:  Creation of dynamic property DSM_FlipBox_Perk_Child::$icon_element_selector is deprecated in /home/977018.cloudwaysapps.com/eexddamdea/public_html/wp-content/themes/Divi/includes/builder/class-et-builder-element.php on line 1425
[08-Apr-2026 07:48:40 UTC] PHP Deprecated:  Creation of dynamic property DSM_FlipBox_Perk_Child::$icon_element_classname is deprecated in /home/977018.cloudwaysapps.com/eexddamdea/public_html/wp-content/themes/Divi/includes/builder/class-et-builder-element.php on line 1425
[08-Apr-2026 07:48:40 UTC] PHP Deprecated:  Creation of dynamic property DSM_FloatingMultiImages::$icon_path is deprecated in /home/977018.cloudwaysapps.com/eexddamdea/public_html/wp-content/themes/Divi/includes/builder/class-et-builder-element.php on line 1425
[08-Apr-2026 07:48:40 UTC] PHP Deprecated:  Creation of dynamic property DSM_GlitchText::$icon_path is deprecated in /home/977018.cloudwaysapps.com/eexddamdea/public_html/wp-content/themes/Divi/includes/builder/class-et-builder-element.php on line 1425
[08-Apr-2026 07:48:40 UTC] PHP Deprecated:  Creation of dynamic property DSM_GradientText::$icon_path is deprecated in /home/977018.cloudwaysapps.com/eexddamdea/public_html/wp-content/themes/Divi/includes/builder/class-et-builder-element.php on line 1425
[08-Apr-2026 07:48:40 UTC] PHP Deprecated:  Creation of dynamic property DSM_Icon_Divider::$icon_path is deprecated in /home/977018.cloudwaysapps.com/eexddamdea/public_html/wp-content/themes/Divi/includes/builder/class-et-builder-element.php on line 1425
[08-Apr-2026 07:48:40 UTC] PHP Deprecated:  Creation of dynamic property DSM_Icon_Divider::$icon_element_selector is deprecated in /home/977018.cloudwaysapps.com/eexddamdea/public_html/wp-content/themes/Divi/includes/builder/class-et-builder-element.php on line 1425
[08-Apr-2026 07:48:40 UTC] PHP Deprecated:  Creation of dynamic property DSM_Icon_Divider::$icon_element_classname is deprecated in /home/977018.cloudwaysapps.com/eexddamdea/public_html/wp-content/themes/Divi/includes/builder/class-et-builder-element.php on line 1425
[08-Apr-2026 07:48:40 UTC] PHP Deprecated:  Creation of dynamic property DSM_Icon_List::$icon_path is deprecated in /home/977018.cloudwaysapps.com/eexddamdea/public_html/wp-content/themes/Divi/includes/builder/class-et-builder-element.php on line 1425
[08-Apr-2026 07:48:40 UTC] PHP Deprecated:  Creation of dynamic property DSM_Icon_List_Child::$icon_element_selector is deprecated in /home/977018.cloudwaysapps.com/eexddamdea/public_html/wp-content/themes/Divi/includes/builder/class-et-builder-element.php on line 1425
[08-Apr-2026 07:48:40 UTC] PHP Deprecated:  Creation of dynamic property DSM_Icon_List_Child::$icon_element_classname is deprecated in /home/977018.cloudwaysapps.com/eexddamdea/public_html/wp-content/themes/Divi/includes/builder/class-et-builder-element.php on line 1425
[08-Apr-2026 07:48:40 UTC] PHP Deprecated:  Creation of dynamic property DSM_ImageAccordion::$icon_path is deprecated in /home/977018.cloudwaysapps.com/eexddamdea/public_html/wp-content/themes/Divi/includes/builder/class-et-builder-element.php on line 1425
[08-Apr-2026 07:48:40 UTC] PHP Deprecated:  Automatic conversion of false to array is deprecated in /home/977018.cloudwaysapps.com/eexddamdea/public_html/wp-content/plugins/supreme-modules-pro-for-divi/includes/modules/ImageAccordion/ImageAccordion.php on line 193
[08-Apr-2026 07:48:40 UTC] PHP Deprecated:  Automatic conversion of false to array is deprecated in /home/977018.cloudwaysapps.com/eexddamdea/public_html/wp-content/plugins/supreme-modules-pro-for-divi/includes/modules/ImageAccordionChild/ImageAccordionChild.php on line 315
[08-Apr-2026 07:48:40 UTC] PHP Deprecated:  Creation of dynamic property DSM_ImageCarousel::$icon_path is deprecated in /home/977018.cloudwaysapps.com/eexddamdea/public_html/wp-content/themes/Divi/includes/builder/class-et-builder-element.php on line 1425
[08-Apr-2026 07:48:40 UTC] PHP Deprecated:  Creation of dynamic property DSM_Image_Hotspots::$icon_path is deprecated in /home/977018.cloudwaysapps.com/eexddamdea/public_html/wp-content/themes/Divi/includes/builder/class-et-builder-element.php on line 1425
[08-Apr-2026 07:48:40 UTC] PHP Deprecated:  Creation of dynamic property DSM_ImageHoverReveal::$icon_path is deprecated in /home/977018.cloudwaysapps.com/eexddamdea/public_html/wp-content/themes/Divi/includes/builder/class-et-builder-element.php on line 1425
[08-Apr-2026 07:48:40 UTC] PHP Deprecated:  Creation of dynamic property DSM_ImageReveal::$icon_path is deprecated in /home/977018.cloudwaysapps.com/eexddamdea/public_html/wp-content/themes/Divi/includes/builder/class-et-builder-element.php on line 1425
[08-Apr-2026 07:48:40 UTC] PHP Deprecated:  Creation of dynamic property DSM_Lottie::$icon_path is deprecated in /home/977018.cloudwaysapps.com/eexddamdea/public_html/wp-content/themes/Divi/includes/builder/class-et-builder-element.php on line 1425
[08-Apr-2026 07:48:40 UTC] PHP Deprecated:  Creation of dynamic property DSM_MaskText::$icon_path is deprecated in /home/977018.cloudwaysapps.com/eexddamdea/public_html/wp-content/themes/Divi/includes/builder/class-et-builder-element.php on line 1425
[08-Apr-2026 07:48:40 UTC] PHP Deprecated:  Creation of dynamic property DSM_MasonryGallery::$icon_path is deprecated in /home/977018.cloudwaysapps.com/eexddamdea/public_html/wp-content/themes/Divi/includes/builder/class-et-builder-element.php on line 1425
[08-Apr-2026 07:48:40 UTC] PHP Deprecated:  Automatic conversion of false to array is deprecated in /home/977018.cloudwaysapps.com/eexddamdea/public_html/wp-content/plugins/supreme-modules-pro-for-divi/includes/modules/MasonryGallery/MasonryGallery.php on line 87
[08-Apr-2026 07:48:40 UTC] PHP Deprecated:  Creation of dynamic property DSM_NavMenu::$icon_path is deprecated in /home/977018.cloudwaysapps.com/eexddamdea/public_html/wp-content/themes/Divi/includes/builder/class-et-builder-element.php on line 1425
[08-Apr-2026 07:48:40 UTC] PHP Deprecated:  Creation of dynamic property DSM_Perspective_Image::$icon_path is deprecated in /home/977018.cloudwaysapps.com/eexddamdea/public_html/wp-content/themes/Divi/includes/builder/class-et-builder-element.php on line 1425
[08-Apr-2026 07:48:40 UTC] PHP Deprecated:  Creation of dynamic property DSM_PostCarousel::$icon_path is deprecated in /home/977018.cloudwaysapps.com/eexddamdea/public_html/wp-content/themes/Divi/includes/builder/class-et-builder-element.php on line 1425
[08-Apr-2026 07:48:40 UTC] PHP Deprecated:  Automatic conversion of false to array is deprecated in /home/977018.cloudwaysapps.com/eexddamdea/public_html/wp-content/plugins/supreme-modules-pro-for-divi/includes/modules/PostCarousel/PostCarousel.php on line 106
[08-Apr-2026 07:48:40 UTC] PHP Deprecated:  Creation of dynamic property DSM_PriceList::$icon_path is deprecated in /home/977018.cloudwaysapps.com/eexddamdea/public_html/wp-content/themes/Divi/includes/builder/class-et-builder-element.php on line 1425
[08-Apr-2026 07:48:40 UTC] PHP Deprecated:  Creation of dynamic property DSM_Scroll_Image::$icon_path is deprecated in /home/977018.cloudwaysapps.com/eexddamdea/public_html/wp-content/themes/Divi/includes/builder/class-et-builder-element.php on line 1425
[08-Apr-2026 07:48:40 UTC] PHP Deprecated:  Creation of dynamic property DSM_Shapes::$icon_path is deprecated in /home/977018.cloudwaysapps.com/eexddamdea/public_html/wp-content/themes/Divi/includes/builder/class-et-builder-element.php on line 1425
[08-Apr-2026 07:48:40 UTC] PHP Deprecated:  Creation of dynamic property DSM_ShuffleLetters::$icon_path is deprecated in /home/977018.cloudwaysapps.com/eexddamdea/public_html/wp-content/themes/Divi/includes/builder/class-et-builder-element.php on line 1425
[08-Apr-2026 07:48:40 UTC] PHP Deprecated:  Using ${var} in strings is deprecated, use {$var} instead in /home/977018.cloudwaysapps.com/eexddamdea/public_html/wp-content/plugins/supreme-modules-pro-for-divi/includes/modules/StarRating/StarRating.php on line 402
[08-Apr-2026 07:48:40 UTC] PHP Deprecated:  Using ${var} in strings is deprecated, use {$var} instead in /home/977018.cloudwaysapps.com/eexddamdea/public_html/wp-content/plugins/supreme-modules-pro-for-divi/includes/modules/StarRating/StarRating.php on line 402
[08-Apr-2026 07:48:40 UTC] PHP Deprecated:  Using ${var} in strings is deprecated, use {$var} instead in /home/977018.cloudwaysapps.com/eexddamdea/public_html/wp-content/plugins/supreme-modules-pro-for-divi/includes/modules/StarRating/StarRating.php on line 413
[08-Apr-2026 07:48:40 UTC] PHP Deprecated:  Using ${var} in strings is deprecated, use {$var} instead in /home/977018.cloudwaysapps.com/eexddamdea/public_html/wp-content/plugins/supreme-modules-pro-for-divi/includes/modules/StarRating/StarRating.php on line 413
[08-Apr-2026 07:48:40 UTC] PHP Deprecated:  Creation of dynamic property DSM_Star_Rating::$icon_path is deprecated in /home/977018.cloudwaysapps.com/eexddamdea/public_html/wp-content/themes/Divi/includes/builder/class-et-builder-element.php on line 1425
[08-Apr-2026 07:48:40 UTC] PHP Deprecated:  Creation of dynamic property DSM_Text_Divider::$icon_path is deprecated in /home/977018.cloudwaysapps.com/eexddamdea/public_html/wp-content/themes/Divi/includes/builder/class-et-builder-element.php on line 1425
[08-Apr-2026 07:48:40 UTC] PHP Deprecated:  Creation of dynamic property DSM_TextNotation::$icon_path is deprecated in /home/977018.cloudwaysapps.com/eexddamdea/public_html/wp-content/themes/Divi/includes/builder/class-et-builder-element.php on line 1425
[08-Apr-2026 07:48:40 UTC] PHP Deprecated:  Creation of dynamic property DSM_TextRotator::$icon_path is deprecated in /home/977018.cloudwaysapps.com/eexddamdea/public_html/wp-content/themes/Divi/includes/builder/class-et-builder-element.php on line 1425
[08-Apr-2026 07:48:40 UTC] PHP Deprecated:  Creation of dynamic property DSM_Tilt_Image::$icon_path is deprecated in /home/977018.cloudwaysapps.com/eexddamdea/public_html/wp-content/themes/Divi/includes/builder/class-et-builder-element.php on line 1425
[08-Apr-2026 07:48:40 UTC] PHP Deprecated:  Creation of dynamic property DSM_TypingEffect::$icon_path is deprecated in /home/977018.cloudwaysapps.com/eexddamdea/public_html/wp-content/themes/Divi/includes/builder/class-et-builder-element.php on line 1425
[08-Apr-2026 07:48:44 UTC] PHP Notice:  Function _load_textdomain_just_in_time was called <strong>incorrectly</strong>. Translation loading for the <code>acf</code> domain was triggered too early. This is usually an indicator for some code in the plugin or theme running too early. Translations should be loaded at the <code>init</code> action or later. Please see <a href="https://developer.wordpress.org/advanced-administration/debug/debug-wordpress/">Debugging in WordPress</a> for more information. (This message was added in version 6.7.0.) in /home/977018.cloudwaysapps.com/eexddamdea/public_html/wp-includes/functions.php on line 6131
[08-Apr-2026 07:48:45 UTC] PHP Deprecated:  Creation of dynamic property Dsm_Supreme_Modules_Pro_For_Divi::$settings_api is deprecated in /home/977018.cloudwaysapps.com/eexddamdea/public_html/wp-content/plugins/supreme-modules-pro-for-divi/includes/class-dsm-supreme-modules-pro-for-divi.php on line 184
[08-Apr-2026 07:48:48 UTC] PHP Notice:  Function _load_textdomain_just_in_time was called <strong>incorrectly</strong>. Translation loading for the <code>acf</code> domain was triggered too early. This is usually an indicator for some code in the plugin or theme running too early. Translations should be loaded at the <code>init</code> action or later. Please see <a href="https://developer.wordpress.org/advanced-administration/debug/debug-wordpress/">Debugging in WordPress</a> for more information. (This message was added in version 6.7.0.) in /home/977018.cloudwaysapps.com/eexddamdea/public_html/wp-includes/functions.php on line 6131
[08-Apr-2026 07:48:48 UTC] PHP Deprecated:  Creation of dynamic property Dsm_Supreme_Modules_Pro_For_Divi::$settings_api is deprecated in /home/977018.cloudwaysapps.com/eexddamdea/public_html/wp-content/plugins/supreme-modules-pro-for-divi/includes/class-dsm-supreme-modules-pro-for-divi.php on line 184
[08-Apr-2026 07:49:02 UTC] PHP Notice:  Function _load_textdomain_just_in_time was called <strong>incorrectly</strong>. Translation loading for the <code>acf</code> domain was triggered too early. This is usually an indicator for some code in the plugin or theme running too early. Translations should be loaded at the <code>init</code> action or later. Please see <a href="https://developer.wordpress.org/advanced-administration/debug/debug-wordpress/">Debugging in WordPress</a> for more information. (This message was added in version 6.7.0.) in /home/977018.cloudwaysapps.com/eexddamdea/public_html/wp-includes/functions.php on line 6131
[08-Apr-2026 07:49:02 UTC] PHP Deprecated:  Creation of dynamic property Dsm_Supreme_Modules_Pro_For_Divi::$settings_api is deprecated in /home/977018.cloudwaysapps.com/eexddamdea/public_html/wp-content/plugins/supreme-modules-pro-for-divi/includes/class-dsm-supreme-modules-pro-for-divi.php on line 184
[08-Apr-2026 07:50:29 UTC] PHP Notice:  Function _load_textdomain_just_in_time was called <strong>incorrectly</strong>. Translation loading for the <code>acf</code> domain was triggered too early. This is usually an indicator for some code in the plugin or theme running too early. Translations should be loaded at the <code>init</code> action or later. Please see <a href="https://developer.wordpress.org/advanced-administration/debug/debug-wordpress/">Debugging in WordPress</a> for more information. (This message was added in version 6.7.0.) in /home/977018.cloudwaysapps.com/eexddamdea/public_html/wp-includes/functions.php on line 6131
[08-Apr-2026 07:50:29 UTC] PHP Deprecated:  Creation of dynamic property Dsm_Supreme_Modules_Pro_For_Divi::$settings_api is deprecated in /home/977018.cloudwaysapps.com/eexddamdea/public_html/wp-content/plugins/supreme-modules-pro-for-divi/includes/class-dsm-supreme-modules-pro-for-divi.php on line 184
[08-Apr-2026 07:50:49 UTC] PHP Notice:  Function _load_textdomain_just_in_time was called <strong>incorrectly</strong>. Translation loading for the <code>acf</code> domain was triggered too early. This is usually an indicator for some code in the plugin or theme running too early. Translations should be loaded at the <code>init</code> action or later. Please see <a href="https://developer.wordpress.org/advanced-administration/debug/debug-wordpress/">Debugging in WordPress</a> for more information. (This message was added in version 6.7.0.) in /home/977018.cloudwaysapps.com/eexddamdea/public_html/wp-includes/functions.php on line 6131
[08-Apr-2026 07:50:49 UTC] PHP Deprecated:  Creation of dynamic property Dsm_Supreme_Modules_Pro_For_Divi::$settings_api is deprecated in /home/977018.cloudwaysapps.com/eexddamdea/public_html/wp-content/plugins/supreme-modules-pro-for-divi/includes/class-dsm-supreme-modules-pro-for-divi.php on line 184
[08-Apr-2026 07:52:30 UTC] PHP Notice:  Function _load_textdomain_just_in_time was called <strong>incorrectly</strong>. Translation loading for the <code>acf</code> domain was triggered too early. This is usually an indicator for some code in the plugin or theme running too early. Translations should be loaded at the <code>init</code> action or later. Please see <a href="https://developer.wordpress.org/advanced-administration/debug/debug-wordpress/">Debugging in WordPress</a> for more information. (This message was added in version 6.7.0.) in /home/977018.cloudwaysapps.com/eexddamdea/public_html/wp-includes/functions.php on line 6131
[08-Apr-2026 07:52:30 UTC] PHP Deprecated:  Creation of dynamic property Dsm_Supreme_Modules_Pro_For_Divi::$settings_api is deprecated in /home/977018.cloudwaysapps.com/eexddamdea/public_html/wp-content/plugins/supreme-modules-pro-for-divi/includes/class-dsm-supreme-modules-pro-for-divi.php on line 184
[08-Apr-2026 07:52:50 UTC] PHP Notice:  Function _load_textdomain_just_in_time was called <strong>incorrectly</strong>. Translation loading for the <code>acf</code> domain was triggered too early. This is usually an indicator for some code in the plugin or theme running too early. Translations should be loaded at the <code>init</code> action or later. Please see <a href="https://developer.wordpress.org/advanced-administration/debug/debug-wordpress/">Debugging in WordPress</a> for more information. (This message was added in version 6.7.0.) in /home/977018.cloudwaysapps.com/eexddamdea/public_html/wp-includes/functions.php on line 6131
[08-Apr-2026 07:52:50 UTC] PHP Deprecated:  Creation of dynamic property Dsm_Supreme_Modules_Pro_For_Divi::$settings_api is deprecated in /home/977018.cloudwaysapps.com/eexddamdea/public_html/wp-content/plugins/supreme-modules-pro-for-divi/includes/class-dsm-supreme-modules-pro-for-divi.php on line 184
[08-Apr-2026 07:53:46 UTC] PHP Notice:  Function _load_textdomain_just_in_time was called <strong>incorrectly</strong>. Translation loading for the <code>acf</code> domain was triggered too early. This is usually an indicator for some code in the plugin or theme running too early. Translations should be loaded at the <code>init</code> action or later. Please see <a href="https://developer.wordpress.org/advanced-administration/debug/debug-wordpress/">Debugging in WordPress</a> for more information. (This message was added in version 6.7.0.) in /home/977018.cloudwaysapps.com/eexddamdea/public_html/wp-includes/functions.php on line 6131
[08-Apr-2026 07:53:46 UTC] PHP Deprecated:  Creation of dynamic property Dsm_Supreme_Modules_Pro_For_Divi::$settings_api is deprecated in /home/977018.cloudwaysapps.com/eexddamdea/public_html/wp-content/plugins/supreme-modules-pro-for-divi/includes/class-dsm-supreme-modules-pro-for-divi.php on line 184
[08-Apr-2026 07:53:49 UTC] PHP Notice:  Function _load_textdomain_just_in_time was called <strong>incorrectly</strong>. Translation loading for the <code>acf</code> domain was triggered too early. This is usually an indicator for some code in the plugin or theme running too early. Translations should be loaded at the <code>init</code> action or later. Please see <a href="https://developer.wordpress.org/advanced-administration/debug/debug-wordpress/">Debugging in WordPress</a> for more information. (This message was added in version 6.7.0.) in /home/977018.cloudwaysapps.com/eexddamdea/public_html/wp-includes/functions.php on line 6131
[08-Apr-2026 07:53:49 UTC] PHP Deprecated:  Creation of dynamic property Dsm_Supreme_Modules_Pro_For_Divi::$settings_api is deprecated in /home/977018.cloudwaysapps.com/eexddamdea/public_html/wp-content/plugins/supreme-modules-pro-for-divi/includes/class-dsm-supreme-modules-pro-for-divi.php on line 184
[08-Apr-2026 07:54:30 UTC] PHP Notice:  Function _load_textdomain_just_in_time was called <strong>incorrectly</strong>. Translation loading for the <code>acf</code> domain was triggered too early. This is usually an indicator for some code in the plugin or theme running too early. Translations should be loaded at the <code>init</code> action or later. Please see <a href="https://developer.wordpress.org/advanced-administration/debug/debug-wordpress/">Debugging in WordPress</a> for more information. (This message was added in version 6.7.0.) in /home/977018.cloudwaysapps.com/eexddamdea/public_html/wp-includes/functions.php on line 6131
[08-Apr-2026 07:54:30 UTC] PHP Deprecated:  Creation of dynamic property Dsm_Supreme_Modules_Pro_For_Divi::$settings_api is deprecated in /home/977018.cloudwaysapps.com/eexddamdea/public_html/wp-content/plugins/supreme-modules-pro-for-divi/includes/class-dsm-supreme-modules-pro-for-divi.php on line 184
[08-Apr-2026 07:54:32 UTC] PHP Deprecated:  Creation of dynamic property DSM_AnimatedGradientText::$icon_path is deprecated in /home/977018.cloudwaysapps.com/eexddamdea/public_html/wp-content/themes/Divi/includes/builder/class-et-builder-element.php on line 1425
[08-Apr-2026 07:54:32 UTC] PHP Deprecated:  Creation of dynamic property DSM_Text_Badges::$icon_path is deprecated in /home/977018.cloudwaysapps.com/eexddamdea/public_html/wp-content/themes/Divi/includes/builder/class-et-builder-element.php on line 1425
[08-Apr-2026 07:54:32 UTC] PHP Deprecated:  Creation of dynamic property DSM_Before_After_Image::$icon_path is deprecated in /home/977018.cloudwaysapps.com/eexddamdea/public_html/wp-content/themes/Divi/includes/builder/class-et-builder-element.php on line 1425
[08-Apr-2026 07:54:32 UTC] PHP Deprecated:  Automatic conversion of false to array is deprecated in /home/977018.cloudwaysapps.com/eexddamdea/public_html/wp-content/plugins/supreme-modules-pro-for-divi/includes/modules/BlobImage/BlobImage.php on line 450
[08-Apr-2026 07:54:32 UTC] PHP Deprecated:  Creation of dynamic property DSM_Block_Reveal_Image::$icon_path is deprecated in /home/977018.cloudwaysapps.com/eexddamdea/public_html/wp-content/themes/Divi/includes/builder/class-et-builder-element.php on line 1425
[08-Apr-2026 07:54:32 UTC] PHP Deprecated:  Creation of dynamic property DSM_BlockRevealText::$icon_path is deprecated in /home/977018.cloudwaysapps.com/eexddamdea/public_html/wp-content/themes/Divi/includes/builder/class-et-builder-element.php on line 1425
[08-Apr-2026 07:54:32 UTC] PHP Deprecated:  Using ${var} in strings is deprecated, use {$var} instead in /home/977018.cloudwaysapps.com/eexddamdea/public_html/wp-content/plugins/supreme-modules-pro-for-divi/includes/modules/BlogCarousel/BlogCarousel.php on line 1622
[08-Apr-2026 07:54:32 UTC] PHP Deprecated:  Creation of dynamic property DSM_BlogCarousel::$icon_path is deprecated in /home/977018.cloudwaysapps.com/eexddamdea/public_html/wp-content/themes/Divi/includes/builder/class-et-builder-element.php on line 1425
[08-Apr-2026 07:54:32 UTC] PHP Deprecated:  Automatic conversion of false to array is deprecated in /home/977018.cloudwaysapps.com/eexddamdea/public_html/wp-content/plugins/supreme-modules-pro-for-divi/includes/modules/BlogCarousel/BlogCarousel.php on line 107
[08-Apr-2026 07:54:32 UTC] PHP Deprecated:  Creation of dynamic property DSM_Breadcrumbs::$icon_path is deprecated in /home/977018.cloudwaysapps.com/eexddamdea/public_html/wp-content/themes/Divi/includes/builder/class-et-builder-element.php on line 1425
[08-Apr-2026 07:54:32 UTC] PHP Deprecated:  Automatic conversion of false to array is deprecated in /home/977018.cloudwaysapps.com/eexddamdea/public_html/wp-content/plugins/supreme-modules-pro-for-divi/includes/modules/Breadcrumbs/Breadcrumbs.php on line 112
[08-Apr-2026 07:54:32 UTC] PHP Deprecated:  Creation of dynamic property DSM_Business_Hours::$icon_path is deprecated in /home/977018.cloudwaysapps.com/eexddamdea/public_html/wp-content/themes/Divi/includes/builder/class-et-builder-element.php on line 1425
[08-Apr-2026 07:54:32 UTC] PHP Deprecated:  Creation of dynamic property DSM_Button::$icon_path is deprecated in /home/977018.cloudwaysapps.com/eexddamdea/public_html/wp-content/themes/Divi/includes/builder/class-et-builder-element.php on line 1425
[08-Apr-2026 07:54:32 UTC] PHP Deprecated:  Creation of dynamic property DSM_CalderaForms::$icon_path is deprecated in /home/977018.cloudwaysapps.com/eexddamdea/public_html/wp-content/themes/Divi/includes/builder/class-et-builder-element.php on line 1425
[08-Apr-2026 07:54:32 UTC] PHP Deprecated:  Using ${var} in strings is deprecated, use {$var} instead in /home/977018.cloudwaysapps.com/eexddamdea/public_html/wp-content/plugins/supreme-modules-pro-for-divi/includes/modules/Card/Card.php on line 1719
[08-Apr-2026 07:54:32 UTC] PHP Deprecated:  Creation of dynamic property DSM_Card::$icon_path is deprecated in /home/977018.cloudwaysapps.com/eexddamdea/public_html/wp-content/themes/Divi/includes/builder/class-et-builder-element.php on line 1425
[08-Apr-2026 07:54:32 UTC] PHP Deprecated:  Using ${var} in strings is deprecated, use {$var} instead in /home/977018.cloudwaysapps.com/eexddamdea/public_html/wp-content/plugins/supreme-modules-pro-for-divi/includes/modules/CardCarousel/CardCarousel.php on line 1825
[08-Apr-2026 07:54:32 UTC] PHP Deprecated:  Creation of dynamic property DSM_CardCarousel::$icon_path is deprecated in /home/977018.cloudwaysapps.com/eexddamdea/public_html/wp-content/themes/Divi/includes/builder/class-et-builder-element.php on line 1425
[08-Apr-2026 07:54:32 UTC] PHP Deprecated:  Using ${var} in strings is deprecated, use {$var} instead in /home/977018.cloudwaysapps.com/eexddamdea/public_html/wp-content/plugins/supreme-modules-pro-for-divi/includes/modules/CardCarouselChild/CardCarouselChild.php on line 1446
[08-Apr-2026 07:54:32 UTC] PHP Deprecated:  Creation of dynamic property DSM_ContactForm7::$icon_path is deprecated in /home/977018.cloudwaysapps.com/eexddamdea/public_html/wp-content/themes/Divi/includes/builder/class-et-builder-element.php on line 1425
[08-Apr-2026 07:54:32 UTC] PHP Deprecated:  Creation of dynamic property DSM_Content_Toggle::$icon_path is deprecated in /home/977018.cloudwaysapps.com/eexddamdea/public_html/wp-content/themes/Divi/includes/builder/class-et-builder-element.php on line 1425
[08-Apr-2026 07:54:32 UTC] PHP Deprecated:  Automatic conversion of false to array is deprecated in /home/977018.cloudwaysapps.com/eexddamdea/public_html/wp-content/plugins/supreme-modules-pro-for-divi/includes/modules/ContentToggle/ContentToggle.php on line 48
[08-Apr-2026 07:54:32 UTC] PHP Deprecated:  Creation of dynamic property DSM_Dual_Heading::$icon_path is deprecated in /home/977018.cloudwaysapps.com/eexddamdea/public_html/wp-content/themes/Divi/includes/builder/class-et-builder-element.php on line 1425
[08-Apr-2026 07:54:32 UTC] PHP Deprecated:  Creation of dynamic property DSM_EmbedGoogleMap::$icon_path is deprecated in /home/977018.cloudwaysapps.com/eexddamdea/public_html/wp-content/themes/Divi/includes/builder/class-et-builder-element.php on line 1425
[08-Apr-2026 07:54:32 UTC] PHP Deprecated:  Creation of dynamic property DSM_TwitterEmbeddedTimeline::$icon_path is deprecated in /home/977018.cloudwaysapps.com/eexddamdea/public_html/wp-content/themes/Divi/includes/builder/class-et-builder-element.php on line 1425
[08-Apr-2026 07:54:32 UTC] PHP Deprecated:  Creation of dynamic property DSM_FacebookEmbed::$icon_path is deprecated in /home/977018.cloudwaysapps.com/eexddamdea/public_html/wp-content/themes/Divi/includes/builder/class-et-builder-element.php on line 1425
[08-Apr-2026 07:54:32 UTC] PHP Deprecated:  Creation of dynamic property DSM_FacebookLikeButton::$icon_path is deprecated in /home/977018.cloudwaysapps.com/eexddamdea/public_html/wp-content/themes/Divi/includes/builder/class-et-builder-element.php on line 1425
[08-Apr-2026 07:54:32 UTC] PHP Deprecated:  Creation of dynamic property DSM_FacebookSimpleComments::$icon_path is deprecated in /home/977018.cloudwaysapps.com/eexddamdea/public_html/wp-content/themes/Divi/includes/builder/class-et-builder-element.php on line 1425
[08-Apr-2026 07:54:32 UTC] PHP Deprecated:  Creation of dynamic property DSM_FacebookSimpleFeed::$icon_path is deprecated in /home/977018.cloudwaysapps.com/eexddamdea/public_html/wp-content/themes/Divi/includes/builder/class-et-builder-element.php on line 1425
[08-Apr-2026 07:54:32 UTC] PHP Deprecated:  Using ${var} in strings is deprecated, use {$var} instead in /home/977018.cloudwaysapps.com/eexddamdea/public_html/wp-content/plugins/supreme-modules-pro-for-divi/includes/modules/FlipBoxPerk/FlipBoxPerk.php on line 367
[08-Apr-2026 07:54:32 UTC] PHP Deprecated:  Using ${var} in strings is deprecated, use {$var} instead in /home/977018.cloudwaysapps.com/eexddamdea/public_html/wp-content/plugins/supreme-modules-pro-for-divi/includes/modules/FlipBoxPerk/FlipBoxPerk.php on line 371
[08-Apr-2026 07:54:32 UTC] PHP Deprecated:  Using ${var} in strings is deprecated, use {$var} instead in /home/977018.cloudwaysapps.com/eexddamdea/public_html/wp-content/plugins/supreme-modules-pro-for-divi/includes/modules/FlipBoxPerk/FlipBoxPerk.php on line 372
[08-Apr-2026 07:54:32 UTC] PHP Deprecated:  Using ${var} in strings is deprecated, use {$var} instead in /home/977018.cloudwaysapps.com/eexddamdea/public_html/wp-content/plugins/supreme-modules-pro-for-divi/includes/modules/FlipBoxPerk/FlipBoxPerk.php on line 374
[08-Apr-2026 07:54:32 UTC] PHP Deprecated:  Creation of dynamic property DSM_FlipBox_Perk::$icon_path is deprecated in /home/977018.cloudwaysapps.com/eexddamdea/public_html/wp-content/themes/Divi/includes/builder/class-et-builder-element.php on line 1425
[08-Apr-2026 07:54:32 UTC] PHP Deprecated:  Creation of dynamic property DSM_FlipBox_Perk_Child::$icon_element_selector is deprecated in /home/977018.cloudwaysapps.com/eexddamdea/public_html/wp-content/themes/Divi/includes/builder/class-et-builder-element.php on line 1425
[08-Apr-2026 07:54:32 UTC] PHP Deprecated:  Creation of dynamic property DSM_FlipBox_Perk_Child::$icon_element_classname is deprecated in /home/977018.cloudwaysapps.com/eexddamdea/public_html/wp-content/themes/Divi/includes/builder/class-et-builder-element.php on line 1425
[08-Apr-2026 07:54:32 UTC] PHP Deprecated:  Creation of dynamic property DSM_FloatingMultiImages::$icon_path is deprecated in /home/977018.cloudwaysapps.com/eexddamdea/public_html/wp-content/themes/Divi/includes/builder/class-et-builder-element.php on line 1425
[08-Apr-2026 07:54:32 UTC] PHP Deprecated:  Creation of dynamic property DSM_GlitchText::$icon_path is deprecated in /home/977018.cloudwaysapps.com/eexddamdea/public_html/wp-content/themes/Divi/includes/builder/class-et-builder-element.php on line 1425
[08-Apr-2026 07:54:32 UTC] PHP Deprecated:  Creation of dynamic property DSM_GradientText::$icon_path is deprecated in /home/977018.cloudwaysapps.com/eexddamdea/public_html/wp-content/themes/Divi/includes/builder/class-et-builder-element.php on line 1425
[08-Apr-2026 07:54:32 UTC] PHP Deprecated:  Creation of dynamic property DSM_Icon_Divider::$icon_path is deprecated in /home/977018.cloudwaysapps.com/eexddamdea/public_html/wp-content/themes/Divi/includes/builder/class-et-builder-element.php on line 1425
[08-Apr-2026 07:54:32 UTC] PHP Deprecated:  Creation of dynamic property DSM_Icon_Divider::$icon_element_selector is deprecated in /home/977018.cloudwaysapps.com/eexddamdea/public_html/wp-content/themes/Divi/includes/builder/class-et-builder-element.php on line 1425
[08-Apr-2026 07:54:32 UTC] PHP Deprecated:  Creation of dynamic property DSM_Icon_Divider::$icon_element_classname is deprecated in /home/977018.cloudwaysapps.com/eexddamdea/public_html/wp-content/themes/Divi/includes/builder/class-et-builder-element.php on line 1425
[08-Apr-2026 07:54:32 UTC] PHP Deprecated:  Creation of dynamic property DSM_Icon_List::$icon_path is deprecated in /home/977018.cloudwaysapps.com/eexddamdea/public_html/wp-content/themes/Divi/includes/builder/class-et-builder-element.php on line 1425
[08-Apr-2026 07:54:32 UTC] PHP Deprecated:  Creation of dynamic property DSM_Icon_List_Child::$icon_element_selector is deprecated in /home/977018.cloudwaysapps.com/eexddamdea/public_html/wp-content/themes/Divi/includes/builder/class-et-builder-element.php on line 1425
[08-Apr-2026 07:54:32 UTC] PHP Deprecated:  Creation of dynamic property DSM_Icon_List_Child::$icon_element_classname is deprecated in /home/977018.cloudwaysapps.com/eexddamdea/public_html/wp-content/themes/Divi/includes/builder/class-et-builder-element.php on line 1425
[08-Apr-2026 07:54:32 UTC] PHP Deprecated:  Creation of dynamic property DSM_ImageAccordion::$icon_path is deprecated in /home/977018.cloudwaysapps.com/eexddamdea/public_html/wp-content/themes/Divi/includes/builder/class-et-builder-element.php on line 1425
[08-Apr-2026 07:54:32 UTC] PHP Deprecated:  Automatic conversion of false to array is deprecated in /home/977018.cloudwaysapps.com/eexddamdea/public_html/wp-content/plugins/supreme-modules-pro-for-divi/includes/modules/ImageAccordion/ImageAccordion.php on line 193
[08-Apr-2026 07:54:32 UTC] PHP Deprecated:  Automatic conversion of false to array is deprecated in /home/977018.cloudwaysapps.com/eexddamdea/public_html/wp-content/plugins/supreme-modules-pro-for-divi/includes/modules/ImageAccordionChild/ImageAccordionChild.php on line 315
[08-Apr-2026 07:54:32 UTC] PHP Deprecated:  Creation of dynamic property DSM_ImageCarousel::$icon_path is deprecated in /home/977018.cloudwaysapps.com/eexddamdea/public_html/wp-content/themes/Divi/includes/builder/class-et-builder-element.php on line 1425
[08-Apr-2026 07:54:32 UTC] PHP Deprecated:  Creation of dynamic property DSM_Image_Hotspots::$icon_path is deprecated in /home/977018.cloudwaysapps.com/eexddamdea/public_html/wp-content/themes/Divi/includes/builder/class-et-builder-element.php on line 1425
[08-Apr-2026 07:54:32 UTC] PHP Deprecated:  Creation of dynamic property DSM_ImageHoverReveal::$icon_path is deprecated in /home/977018.cloudwaysapps.com/eexddamdea/public_html/wp-content/themes/Divi/includes/builder/class-et-builder-element.php on line 1425
[08-Apr-2026 07:54:32 UTC] PHP Deprecated:  Creation of dynamic property DSM_ImageReveal::$icon_path is deprecated in /home/977018.cloudwaysapps.com/eexddamdea/public_html/wp-content/themes/Divi/includes/builder/class-et-builder-element.php on line 1425
[08-Apr-2026 07:54:32 UTC] PHP Deprecated:  Creation of dynamic property DSM_Lottie::$icon_path is deprecated in /home/977018.cloudwaysapps.com/eexddamdea/public_html/wp-content/themes/Divi/includes/builder/class-et-builder-element.php on line 1425
[08-Apr-2026 07:54:32 UTC] PHP Deprecated:  Creation of dynamic property DSM_MaskText::$icon_path is deprecated in /home/977018.cloudwaysapps.com/eexddamdea/public_html/wp-content/themes/Divi/includes/builder/class-et-builder-element.php on line 1425
[08-Apr-2026 07:54:32 UTC] PHP Deprecated:  Creation of dynamic property DSM_MasonryGallery::$icon_path is deprecated in /home/977018.cloudwaysapps.com/eexddamdea/public_html/wp-content/themes/Divi/includes/builder/class-et-builder-element.php on line 1425
[08-Apr-2026 07:54:32 UTC] PHP Deprecated:  Automatic conversion of false to array is deprecated in /home/977018.cloudwaysapps.com/eexddamdea/public_html/wp-content/plugins/supreme-modules-pro-for-divi/includes/modules/MasonryGallery/MasonryGallery.php on line 87
[08-Apr-2026 07:54:32 UTC] PHP Deprecated:  Creation of dynamic property DSM_NavMenu::$icon_path is deprecated in /home/977018.cloudwaysapps.com/eexddamdea/public_html/wp-content/themes/Divi/includes/builder/class-et-builder-element.php on line 1425
[08-Apr-2026 07:54:32 UTC] PHP Deprecated:  Creation of dynamic property DSM_Perspective_Image::$icon_path is deprecated in /home/977018.cloudwaysapps.com/eexddamdea/public_html/wp-content/themes/Divi/includes/builder/class-et-builder-element.php on line 1425
[08-Apr-2026 07:54:32 UTC] PHP Deprecated:  Creation of dynamic property DSM_PostCarousel::$icon_path is deprecated in /home/977018.cloudwaysapps.com/eexddamdea/public_html/wp-content/themes/Divi/includes/builder/class-et-builder-element.php on line 1425
[08-Apr-2026 07:54:32 UTC] PHP Deprecated:  Automatic conversion of false to array is deprecated in /home/977018.cloudwaysapps.com/eexddamdea/public_html/wp-content/plugins/supreme-modules-pro-for-divi/includes/modules/PostCarousel/PostCarousel.php on line 106
[08-Apr-2026 07:54:32 UTC] PHP Deprecated:  Creation of dynamic property DSM_PriceList::$icon_path is deprecated in /home/977018.cloudwaysapps.com/eexddamdea/public_html/wp-content/themes/Divi/includes/builder/class-et-builder-element.php on line 1425
[08-Apr-2026 07:54:32 UTC] PHP Deprecated:  Creation of dynamic property DSM_Scroll_Image::$icon_path is deprecated in /home/977018.cloudwaysapps.com/eexddamdea/public_html/wp-content/themes/Divi/includes/builder/class-et-builder-element.php on line 1425
[08-Apr-2026 07:54:32 UTC] PHP Deprecated:  Creation of dynamic property DSM_Shapes::$icon_path is deprecated in /home/977018.cloudwaysapps.com/eexddamdea/public_html/wp-content/themes/Divi/includes/builder/class-et-builder-element.php on line 1425
[08-Apr-2026 07:54:32 UTC] PHP Deprecated:  Creation of dynamic property DSM_ShuffleLetters::$icon_path is deprecated in /home/977018.cloudwaysapps.com/eexddamdea/public_html/wp-content/themes/Divi/includes/builder/class-et-builder-element.php on line 1425
[08-Apr-2026 07:54:32 UTC] PHP Deprecated:  Using ${var} in strings is deprecated, use {$var} instead in /home/977018.cloudwaysapps.com/eexddamdea/public_html/wp-content/plugins/supreme-modules-pro-for-divi/includes/modules/StarRating/StarRating.php on line 402
[08-Apr-2026 07:54:32 UTC] PHP Deprecated:  Using ${var} in strings is deprecated, use {$var} instead in /home/977018.cloudwaysapps.com/eexddamdea/public_html/wp-content/plugins/supreme-modules-pro-for-divi/includes/modules/StarRating/StarRating.php on line 402
[08-Apr-2026 07:54:32 UTC] PHP Deprecated:  Using ${var} in strings is deprecated, use {$var} instead in /home/977018.cloudwaysapps.com/eexddamdea/public_html/wp-content/plugins/supreme-modules-pro-for-divi/includes/modules/StarRating/StarRating.php on line 413
[08-Apr-2026 07:54:32 UTC] PHP Deprecated:  Using ${var} in strings is deprecated, use {$var} instead in /home/977018.cloudwaysapps.com/eexddamdea/public_html/wp-content/plugins/supreme-modules-pro-for-divi/includes/modules/StarRating/StarRating.php on line 413
[08-Apr-2026 07:54:32 UTC] PHP Deprecated:  Creation of dynamic property DSM_Star_Rating::$icon_path is deprecated in /home/977018.cloudwaysapps.com/eexddamdea/public_html/wp-content/themes/Divi/includes/builder/class-et-builder-element.php on line 1425
[08-Apr-2026 07:54:32 UTC] PHP Deprecated:  Creation of dynamic property DSM_Text_Divider::$icon_path is deprecated in /home/977018.cloudwaysapps.com/eexddamdea/public_html/wp-content/themes/Divi/includes/builder/class-et-builder-element.php on line 1425
[08-Apr-2026 07:54:32 UTC] PHP Deprecated:  Creation of dynamic property DSM_TextNotation::$icon_path is deprecated in /home/977018.cloudwaysapps.com/eexddamdea/public_html/wp-content/themes/Divi/includes/builder/class-et-builder-element.php on line 1425
[08-Apr-2026 07:54:32 UTC] PHP Deprecated:  Creation of dynamic property DSM_TextRotator::$icon_path is deprecated in /home/977018.cloudwaysapps.com/eexddamdea/public_html/wp-content/themes/Divi/includes/builder/class-et-builder-element.php on line 1425
[08-Apr-2026 07:54:32 UTC] PHP Deprecated:  Creation of dynamic property DSM_Tilt_Image::$icon_path is deprecated in /home/977018.cloudwaysapps.com/eexddamdea/public_html/wp-content/themes/Divi/includes/builder/class-et-builder-element.php on line 1425
[08-Apr-2026 07:54:32 UTC] PHP Deprecated:  Creation of dynamic property DSM_TypingEffect::$icon_path is deprecated in /home/977018.cloudwaysapps.com/eexddamdea/public_html/wp-content/themes/Divi/includes/builder/class-et-builder-element.php on line 1425
[08-Apr-2026 07:54:50 UTC] PHP Notice:  Function _load_textdomain_just_in_time was called <strong>incorrectly</strong>. Translation loading for the <code>acf</code> domain was triggered too early. This is usually an indicator for some code in the plugin or theme running too early. Translations should be loaded at the <code>init</code> action or later. Please see <a href="https://developer.wordpress.org/advanced-administration/debug/debug-wordpress/">Debugging in WordPress</a> for more information. (This message was added in version 6.7.0.) in /home/977018.cloudwaysapps.com/eexddamdea/public_html/wp-includes/functions.php on line 6131
[08-Apr-2026 07:54:50 UTC] PHP Deprecated:  Creation of dynamic property Dsm_Supreme_Modules_Pro_For_Divi::$settings_api is deprecated in /home/977018.cloudwaysapps.com/eexddamdea/public_html/wp-content/plugins/supreme-modules-pro-for-divi/includes/class-dsm-supreme-modules-pro-for-divi.php on line 184
[08-Apr-2026 07:54:54 UTC] PHP Notice:  Function _load_textdomain_just_in_time was called <strong>incorrectly</strong>. Translation loading for the <code>acf</code> domain was triggered too early. This is usually an indicator for some code in the plugin or theme running too early. Translations should be loaded at the <code>init</code> action or later. Please see <a href="https://developer.wordpress.org/advanced-administration/debug/debug-wordpress/">Debugging in WordPress</a> for more information. (This message was added in version 6.7.0.) in /home/977018.cloudwaysapps.com/eexddamdea/public_html/wp-includes/functions.php on line 6131
[08-Apr-2026 07:54:54 UTC] PHP Deprecated:  Creation of dynamic property Dsm_Supreme_Modules_Pro_For_Divi::$settings_api is deprecated in /home/977018.cloudwaysapps.com/eexddamdea/public_html/wp-content/plugins/supreme-modules-pro-for-divi/includes/class-dsm-supreme-modules-pro-for-divi.php on line 184
[08-Apr-2026 07:54:55 UTC] PHP Deprecated:  Creation of dynamic property DSM_AnimatedGradientText::$icon_path is deprecated in /home/977018.cloudwaysapps.com/eexddamdea/public_html/wp-content/themes/Divi/includes/builder/class-et-builder-element.php on line 1425
[08-Apr-2026 07:54:55 UTC] PHP Deprecated:  Creation of dynamic property DSM_Text_Badges::$icon_path is deprecated in /home/977018.cloudwaysapps.com/eexddamdea/public_html/wp-content/themes/Divi/includes/builder/class-et-builder-element.php on line 1425
[08-Apr-2026 07:54:55 UTC] PHP Deprecated:  Creation of dynamic property DSM_Before_After_Image::$icon_path is deprecated in /home/977018.cloudwaysapps.com/eexddamdea/public_html/wp-content/themes/Divi/includes/builder/class-et-builder-element.php on line 1425
[08-Apr-2026 07:54:55 UTC] PHP Deprecated:  Automatic conversion of false to array is deprecated in /home/977018.cloudwaysapps.com/eexddamdea/public_html/wp-content/plugins/supreme-modules-pro-for-divi/includes/modules/BlobImage/BlobImage.php on line 450
[08-Apr-2026 07:54:55 UTC] PHP Deprecated:  Creation of dynamic property DSM_Block_Reveal_Image::$icon_path is deprecated in /home/977018.cloudwaysapps.com/eexddamdea/public_html/wp-content/themes/Divi/includes/builder/class-et-builder-element.php on line 1425
[08-Apr-2026 07:54:55 UTC] PHP Deprecated:  Creation of dynamic property DSM_BlockRevealText::$icon_path is deprecated in /home/977018.cloudwaysapps.com/eexddamdea/public_html/wp-content/themes/Divi/includes/builder/class-et-builder-element.php on line 1425
[08-Apr-2026 07:54:55 UTC] PHP Deprecated:  Using ${var} in strings is deprecated, use {$var} instead in /home/977018.cloudwaysapps.com/eexddamdea/public_html/wp-content/plugins/supreme-modules-pro-for-divi/includes/modules/BlogCarousel/BlogCarousel.php on line 1622
[08-Apr-2026 07:54:55 UTC] PHP Deprecated:  Creation of dynamic property DSM_BlogCarousel::$icon_path is deprecated in /home/977018.cloudwaysapps.com/eexddamdea/public_html/wp-content/themes/Divi/includes/builder/class-et-builder-element.php on line 1425
[08-Apr-2026 07:54:55 UTC] PHP Deprecated:  Automatic conversion of false to array is deprecated in /home/977018.cloudwaysapps.com/eexddamdea/public_html/wp-content/plugins/supreme-modules-pro-for-divi/includes/modules/BlogCarousel/BlogCarousel.php on line 107
[08-Apr-2026 07:54:55 UTC] PHP Deprecated:  Creation of dynamic property DSM_Breadcrumbs::$icon_path is deprecated in /home/977018.cloudwaysapps.com/eexddamdea/public_html/wp-content/themes/Divi/includes/builder/class-et-builder-element.php on line 1425
[08-Apr-2026 07:54:55 UTC] PHP Deprecated:  Automatic conversion of false to array is deprecated in /home/977018.cloudwaysapps.com/eexddamdea/public_html/wp-content/plugins/supreme-modules-pro-for-divi/includes/modules/Breadcrumbs/Breadcrumbs.php on line 112
[08-Apr-2026 07:54:55 UTC] PHP Deprecated:  Creation of dynamic property DSM_Business_Hours::$icon_path is deprecated in /home/977018.cloudwaysapps.com/eexddamdea/public_html/wp-content/themes/Divi/includes/builder/class-et-builder-element.php on line 1425
[08-Apr-2026 07:54:55 UTC] PHP Deprecated:  Creation of dynamic property DSM_Button::$icon_path is deprecated in /home/977018.cloudwaysapps.com/eexddamdea/public_html/wp-content/themes/Divi/includes/builder/class-et-builder-element.php on line 1425
[08-Apr-2026 07:54:55 UTC] PHP Deprecated:  Creation of dynamic property DSM_CalderaForms::$icon_path is deprecated in /home/977018.cloudwaysapps.com/eexddamdea/public_html/wp-content/themes/Divi/includes/builder/class-et-builder-element.php on line 1425
[08-Apr-2026 07:54:55 UTC] PHP Deprecated:  Using ${var} in strings is deprecated, use {$var} instead in /home/977018.cloudwaysapps.com/eexddamdea/public_html/wp-content/plugins/supreme-modules-pro-for-divi/includes/modules/Card/Card.php on line 1719
[08-Apr-2026 07:54:55 UTC] PHP Deprecated:  Creation of dynamic property DSM_Card::$icon_path is deprecated in /home/977018.cloudwaysapps.com/eexddamdea/public_html/wp-content/themes/Divi/includes/builder/class-et-builder-element.php on line 1425
[08-Apr-2026 07:54:55 UTC] PHP Deprecated:  Using ${var} in strings is deprecated, use {$var} instead in /home/977018.cloudwaysapps.com/eexddamdea/public_html/wp-content/plugins/supreme-modules-pro-for-divi/includes/modules/CardCarousel/CardCarousel.php on line 1825
[08-Apr-2026 07:54:55 UTC] PHP Deprecated:  Creation of dynamic property DSM_CardCarousel::$icon_path is deprecated in /home/977018.cloudwaysapps.com/eexddamdea/public_html/wp-content/themes/Divi/includes/builder/class-et-builder-element.php on line 1425
[08-Apr-2026 07:54:55 UTC] PHP Deprecated:  Using ${var} in strings is deprecated, use {$var} instead in /home/977018.cloudwaysapps.com/eexddamdea/public_html/wp-content/plugins/supreme-modules-pro-for-divi/includes/modules/CardCarouselChild/CardCarouselChild.php on line 1446
[08-Apr-2026 07:54:55 UTC] PHP Deprecated:  Creation of dynamic property DSM_ContactForm7::$icon_path is deprecated in /home/977018.cloudwaysapps.com/eexddamdea/public_html/wp-content/themes/Divi/includes/builder/class-et-builder-element.php on line 1425
[08-Apr-2026 07:54:55 UTC] PHP Deprecated:  Creation of dynamic property DSM_Content_Toggle::$icon_path is deprecated in /home/977018.cloudwaysapps.com/eexddamdea/public_html/wp-content/themes/Divi/includes/builder/class-et-builder-element.php on line 1425
[08-Apr-2026 07:54:55 UTC] PHP Deprecated:  Automatic conversion of false to array is deprecated in /home/977018.cloudwaysapps.com/eexddamdea/public_html/wp-content/plugins/supreme-modules-pro-for-divi/includes/modules/ContentToggle/ContentToggle.php on line 48
[08-Apr-2026 07:54:55 UTC] PHP Deprecated:  Creation of dynamic property DSM_Dual_Heading::$icon_path is deprecated in /home/977018.cloudwaysapps.com/eexddamdea/public_html/wp-content/themes/Divi/includes/builder/class-et-builder-element.php on line 1425
[08-Apr-2026 07:54:55 UTC] PHP Deprecated:  Creation of dynamic property DSM_EmbedGoogleMap::$icon_path is deprecated in /home/977018.cloudwaysapps.com/eexddamdea/public_html/wp-content/themes/Divi/includes/builder/class-et-builder-element.php on line 1425
[08-Apr-2026 07:54:55 UTC] PHP Deprecated:  Creation of dynamic property DSM_TwitterEmbeddedTimeline::$icon_path is deprecated in /home/977018.cloudwaysapps.com/eexddamdea/public_html/wp-content/themes/Divi/includes/builder/class-et-builder-element.php on line 1425
[08-Apr-2026 07:54:55 UTC] PHP Deprecated:  Creation of dynamic property DSM_FacebookEmbed::$icon_path is deprecated in /home/977018.cloudwaysapps.com/eexddamdea/public_html/wp-content/themes/Divi/includes/builder/class-et-builder-element.php on line 1425
[08-Apr-2026 07:54:55 UTC] PHP Deprecated:  Creation of dynamic property DSM_FacebookLikeButton::$icon_path is deprecated in /home/977018.cloudwaysapps.com/eexddamdea/public_html/wp-content/themes/Divi/includes/builder/class-et-builder-element.php on line 1425
[08-Apr-2026 07:54:55 UTC] PHP Deprecated:  Creation of dynamic property DSM_FacebookSimpleComments::$icon_path is deprecated in /home/977018.cloudwaysapps.com/eexddamdea/public_html/wp-content/themes/Divi/includes/builder/class-et-builder-element.php on line 1425
[08-Apr-2026 07:54:55 UTC] PHP Deprecated:  Creation of dynamic property DSM_FacebookSimpleFeed::$icon_path is deprecated in /home/977018.cloudwaysapps.com/eexddamdea/public_html/wp-content/themes/Divi/includes/builder/class-et-builder-element.php on line 1425
[08-Apr-2026 07:54:55 UTC] PHP Deprecated:  Using ${var} in strings is deprecated, use {$var} instead in /home/977018.cloudwaysapps.com/eexddamdea/public_html/wp-content/plugins/supreme-modules-pro-for-divi/includes/modules/FlipBoxPerk/FlipBoxPerk.php on line 367
[08-Apr-2026 07:54:55 UTC] PHP Deprecated:  Using ${var} in strings is deprecated, use {$var} instead in /home/977018.cloudwaysapps.com/eexddamdea/public_html/wp-content/plugins/supreme-modules-pro-for-divi/includes/modules/FlipBoxPerk/FlipBoxPerk.php on line 371
[08-Apr-2026 07:54:55 UTC] PHP Deprecated:  Using ${var} in strings is deprecated, use {$var} instead in /home/977018.cloudwaysapps.com/eexddamdea/public_html/wp-content/plugins/supreme-modules-pro-for-divi/includes/modules/FlipBoxPerk/FlipBoxPerk.php on line 372
[08-Apr-2026 07:54:55 UTC] PHP Deprecated:  Using ${var} in strings is deprecated, use {$var} instead in /home/977018.cloudwaysapps.com/eexddamdea/public_html/wp-content/plugins/supreme-modules-pro-for-divi/includes/modules/FlipBoxPerk/FlipBoxPerk.php on line 374
[08-Apr-2026 07:54:55 UTC] PHP Deprecated:  Creation of dynamic property DSM_FlipBox_Perk::$icon_path is deprecated in /home/977018.cloudwaysapps.com/eexddamdea/public_html/wp-content/themes/Divi/includes/builder/class-et-builder-element.php on line 1425
[08-Apr-2026 07:54:55 UTC] PHP Deprecated:  Creation of dynamic property DSM_FlipBox_Perk_Child::$icon_element_selector is deprecated in /home/977018.cloudwaysapps.com/eexddamdea/public_html/wp-content/themes/Divi/includes/builder/class-et-builder-element.php on line 1425
[08-Apr-2026 07:54:55 UTC] PHP Deprecated:  Creation of dynamic property DSM_FlipBox_Perk_Child::$icon_element_classname is deprecated in /home/977018.cloudwaysapps.com/eexddamdea/public_html/wp-content/themes/Divi/includes/builder/class-et-builder-element.php on line 1425
[08-Apr-2026 07:54:55 UTC] PHP Deprecated:  Creation of dynamic property DSM_FloatingMultiImages::$icon_path is deprecated in /home/977018.cloudwaysapps.com/eexddamdea/public_html/wp-content/themes/Divi/includes/builder/class-et-builder-element.php on line 1425
[08-Apr-2026 07:54:55 UTC] PHP Deprecated:  Creation of dynamic property DSM_GlitchText::$icon_path is deprecated in /home/977018.cloudwaysapps.com/eexddamdea/public_html/wp-content/themes/Divi/includes/builder/class-et-builder-element.php on line 1425
[08-Apr-2026 07:54:55 UTC] PHP Deprecated:  Creation of dynamic property DSM_GradientText::$icon_path is deprecated in /home/977018.cloudwaysapps.com/eexddamdea/public_html/wp-content/themes/Divi/includes/builder/class-et-builder-element.php on line 1425
[08-Apr-2026 07:54:55 UTC] PHP Deprecated:  Creation of dynamic property DSM_Icon_Divider::$icon_path is deprecated in /home/977018.cloudwaysapps.com/eexddamdea/public_html/wp-content/themes/Divi/includes/builder/class-et-builder-element.php on line 1425
[08-Apr-2026 07:54:55 UTC] PHP Deprecated:  Creation of dynamic property DSM_Icon_Divider::$icon_element_selector is deprecated in /home/977018.cloudwaysapps.com/eexddamdea/public_html/wp-content/themes/Divi/includes/builder/class-et-builder-element.php on line 1425
[08-Apr-2026 07:54:55 UTC] PHP Deprecated:  Creation of dynamic property DSM_Icon_Divider::$icon_element_classname is deprecated in /home/977018.cloudwaysapps.com/eexddamdea/public_html/wp-content/themes/Divi/includes/builder/class-et-builder-element.php on line 1425
[08-Apr-2026 07:54:55 UTC] PHP Deprecated:  Creation of dynamic property DSM_Icon_List::$icon_path is deprecated in /home/977018.cloudwaysapps.com/eexddamdea/public_html/wp-content/themes/Divi/includes/builder/class-et-builder-element.php on line 1425
[08-Apr-2026 07:54:55 UTC] PHP Deprecated:  Creation of dynamic property DSM_Icon_List_Child::$icon_element_selector is deprecated in /home/977018.cloudwaysapps.com/eexddamdea/public_html/wp-content/themes/Divi/includes/builder/class-et-builder-element.php on line 1425
[08-Apr-2026 07:54:55 UTC] PHP Deprecated:  Creation of dynamic property DSM_Icon_List_Child::$icon_element_classname is deprecated in /home/977018.cloudwaysapps.com/eexddamdea/public_html/wp-content/themes/Divi/includes/builder/class-et-builder-element.php on line 1425
[08-Apr-2026 07:54:55 UTC] PHP Deprecated:  Creation of dynamic property DSM_ImageAccordion::$icon_path is deprecated in /home/977018.cloudwaysapps.com/eexddamdea/public_html/wp-content/themes/Divi/includes/builder/class-et-builder-element.php on line 1425
[08-Apr-2026 07:54:55 UTC] PHP Deprecated:  Automatic conversion of false to array is deprecated in /home/977018.cloudwaysapps.com/eexddamdea/public_html/wp-content/plugins/supreme-modules-pro-for-divi/includes/modules/ImageAccordion/ImageAccordion.php on line 193
[08-Apr-2026 07:54:55 UTC] PHP Deprecated:  Automatic conversion of false to array is deprecated in /home/977018.cloudwaysapps.com/eexddamdea/public_html/wp-content/plugins/supreme-modules-pro-for-divi/includes/modules/ImageAccordionChild/ImageAccordionChild.php on line 315
[08-Apr-2026 07:54:55 UTC] PHP Deprecated:  Creation of dynamic property DSM_ImageCarousel::$icon_path is deprecated in /home/977018.cloudwaysapps.com/eexddamdea/public_html/wp-content/themes/Divi/includes/builder/class-et-builder-element.php on line 1425
[08-Apr-2026 07:54:55 UTC] PHP Deprecated:  Creation of dynamic property DSM_Image_Hotspots::$icon_path is deprecated in /home/977018.cloudwaysapps.com/eexddamdea/public_html/wp-content/themes/Divi/includes/builder/class-et-builder-element.php on line 1425
[08-Apr-2026 07:54:55 UTC] PHP Deprecated:  Creation of dynamic property DSM_ImageHoverReveal::$icon_path is deprecated in /home/977018.cloudwaysapps.com/eexddamdea/public_html/wp-content/themes/Divi/includes/builder/class-et-builder-element.php on line 1425
[08-Apr-2026 07:54:55 UTC] PHP Deprecated:  Creation of dynamic property DSM_ImageReveal::$icon_path is deprecated in /home/977018.cloudwaysapps.com/eexddamdea/public_html/wp-content/themes/Divi/includes/builder/class-et-builder-element.php on line 1425
[08-Apr-2026 07:54:56 UTC] PHP Deprecated:  Creation of dynamic property DSM_Lottie::$icon_path is deprecated in /home/977018.cloudwaysapps.com/eexddamdea/public_html/wp-content/themes/Divi/includes/builder/class-et-builder-element.php on line 1425
[08-Apr-2026 07:54:56 UTC] PHP Deprecated:  Creation of dynamic property DSM_MaskText::$icon_path is deprecated in /home/977018.cloudwaysapps.com/eexddamdea/public_html/wp-content/themes/Divi/includes/builder/class-et-builder-element.php on line 1425
[08-Apr-2026 07:54:56 UTC] PHP Deprecated:  Creation of dynamic property DSM_MasonryGallery::$icon_path is deprecated in /home/977018.cloudwaysapps.com/eexddamdea/public_html/wp-content/themes/Divi/includes/builder/class-et-builder-element.php on line 1425
[08-Apr-2026 07:54:56 UTC] PHP Deprecated:  Automatic conversion of false to array is deprecated in /home/977018.cloudwaysapps.com/eexddamdea/public_html/wp-content/plugins/supreme-modules-pro-for-divi/includes/modules/MasonryGallery/MasonryGallery.php on line 87
[08-Apr-2026 07:54:56 UTC] PHP Deprecated:  Creation of dynamic property DSM_NavMenu::$icon_path is deprecated in /home/977018.cloudwaysapps.com/eexddamdea/public_html/wp-content/themes/Divi/includes/builder/class-et-builder-element.php on line 1425
[08-Apr-2026 07:54:56 UTC] PHP Deprecated:  Creation of dynamic property DSM_Perspective_Image::$icon_path is deprecated in /home/977018.cloudwaysapps.com/eexddamdea/public_html/wp-content/themes/Divi/includes/builder/class-et-builder-element.php on line 1425
[08-Apr-2026 07:54:56 UTC] PHP Deprecated:  Creation of dynamic property DSM_PostCarousel::$icon_path is deprecated in /home/977018.cloudwaysapps.com/eexddamdea/public_html/wp-content/themes/Divi/includes/builder/class-et-builder-element.php on line 1425
[08-Apr-2026 07:54:56 UTC] PHP Deprecated:  Automatic conversion of false to array is deprecated in /home/977018.cloudwaysapps.com/eexddamdea/public_html/wp-content/plugins/supreme-modules-pro-for-divi/includes/modules/PostCarousel/PostCarousel.php on line 106
[08-Apr-2026 07:54:56 UTC] PHP Deprecated:  Creation of dynamic property DSM_PriceList::$icon_path is deprecated in /home/977018.cloudwaysapps.com/eexddamdea/public_html/wp-content/themes/Divi/includes/builder/class-et-builder-element.php on line 1425
[08-Apr-2026 07:54:56 UTC] PHP Deprecated:  Creation of dynamic property DSM_Scroll_Image::$icon_path is deprecated in /home/977018.cloudwaysapps.com/eexddamdea/public_html/wp-content/themes/Divi/includes/builder/class-et-builder-element.php on line 1425
[08-Apr-2026 07:54:56 UTC] PHP Deprecated:  Creation of dynamic property DSM_Shapes::$icon_path is deprecated in /home/977018.cloudwaysapps.com/eexddamdea/public_html/wp-content/themes/Divi/includes/builder/class-et-builder-element.php on line 1425
[08-Apr-2026 07:54:56 UTC] PHP Deprecated:  Creation of dynamic property DSM_ShuffleLetters::$icon_path is deprecated in /home/977018.cloudwaysapps.com/eexddamdea/public_html/wp-content/themes/Divi/includes/builder/class-et-builder-element.php on line 1425
[08-Apr-2026 07:54:56 UTC] PHP Deprecated:  Using ${var} in strings is deprecated, use {$var} instead in /home/977018.cloudwaysapps.com/eexddamdea/public_html/wp-content/plugins/supreme-modules-pro-for-divi/includes/modules/StarRating/StarRating.php on line 402
[08-Apr-2026 07:54:56 UTC] PHP Deprecated:  Using ${var} in strings is deprecated, use {$var} instead in /home/977018.cloudwaysapps.com/eexddamdea/public_html/wp-content/plugins/supreme-modules-pro-for-divi/includes/modules/StarRating/StarRating.php on line 402
[08-Apr-2026 07:54:56 UTC] PHP Deprecated:  Using ${var} in strings is deprecated, use {$var} instead in /home/977018.cloudwaysapps.com/eexddamdea/public_html/wp-content/plugins/supreme-modules-pro-for-divi/includes/modules/StarRating/StarRating.php on line 413
[08-Apr-2026 07:54:56 UTC] PHP Deprecated:  Using ${var} in strings is deprecated, use {$var} instead in /home/977018.cloudwaysapps.com/eexddamdea/public_html/wp-content/plugins/supreme-modules-pro-for-divi/includes/modules/StarRating/StarRating.php on line 413
[08-Apr-2026 07:54:56 UTC] PHP Deprecated:  Creation of dynamic property DSM_Star_Rating::$icon_path is deprecated in /home/977018.cloudwaysapps.com/eexddamdea/public_html/wp-content/themes/Divi/includes/builder/class-et-builder-element.php on line 1425
[08-Apr-2026 07:54:56 UTC] PHP Deprecated:  Creation of dynamic property DSM_Text_Divider::$icon_path is deprecated in /home/977018.cloudwaysapps.com/eexddamdea/public_html/wp-content/themes/Divi/includes/builder/class-et-builder-element.php on line 1425
[08-Apr-2026 07:54:56 UTC] PHP Deprecated:  Creation of dynamic property DSM_TextNotation::$icon_path is deprecated in /home/977018.cloudwaysapps.com/eexddamdea/public_html/wp-content/themes/Divi/includes/builder/class-et-builder-element.php on line 1425
[08-Apr-2026 07:54:56 UTC] PHP Deprecated:  Creation of dynamic property DSM_TextRotator::$icon_path is deprecated in /home/977018.cloudwaysapps.com/eexddamdea/public_html/wp-content/themes/Divi/includes/builder/class-et-builder-element.php on line 1425
[08-Apr-2026 07:54:56 UTC] PHP Deprecated:  Creation of dynamic property DSM_Tilt_Image::$icon_path is deprecated in /home/977018.cloudwaysapps.com/eexddamdea/public_html/wp-content/themes/Divi/includes/builder/class-et-builder-element.php on line 1425
[08-Apr-2026 07:54:56 UTC] PHP Deprecated:  Creation of dynamic property DSM_TypingEffect::$icon_path is deprecated in /home/977018.cloudwaysapps.com/eexddamdea/public_html/wp-content/themes/Divi/includes/builder/class-et-builder-element.php on line 1425
[08-Apr-2026 07:54:56 UTC] PHP Deprecated:  ltrim(): Passing null to parameter #1 ($string) of type string is deprecated in /home/977018.cloudwaysapps.com/eexddamdea/public_html/wp-includes/formatting.php on line 4496
[08-Apr-2026 07:54:56 UTC] PHP Deprecated:  ltrim(): Passing null to parameter #1 ($string) of type string is deprecated in /home/977018.cloudwaysapps.com/eexddamdea/public_html/wp-includes/formatting.php on line 4496
[08-Apr-2026 07:54:56 UTC] PHP Deprecated:  ltrim(): Passing null to parameter #1 ($string) of type string is deprecated in /home/977018.cloudwaysapps.com/eexddamdea/public_html/wp-includes/formatting.php on line 4496
[08-Apr-2026 07:54:56 UTC] PHP Deprecated:  ltrim(): Passing null to parameter #1 ($string) of type string is deprecated in /home/977018.cloudwaysapps.com/eexddamdea/public_html/wp-includes/formatting.php on line 4496
[08-Apr-2026 07:54:56 UTC] PHP Deprecated:  ltrim(): Passing null to parameter #1 ($string) of type string is deprecated in /home/977018.cloudwaysapps.com/eexddamdea/public_html/wp-includes/formatting.php on line 4496
[08-Apr-2026 07:54:56 UTC] PHP Deprecated:  ltrim(): Passing null to parameter #1 ($string) of type string is deprecated in /home/977018.cloudwaysapps.com/eexddamdea/public_html/wp-includes/formatting.php on line 4496
[08-Apr-2026 07:54:59 UTC] PHP Notice:  Function _load_textdomain_just_in_time was called <strong>incorrectly</strong>. Translation loading for the <code>acf</code> domain was triggered too early. This is usually an indicator for some code in the plugin or theme running too early. Translations should be loaded at the <code>init</code> action or later. Please see <a href="https://developer.wordpress.org/advanced-administration/debug/debug-wordpress/">Debugging in WordPress</a> for more information. (This message was added in version 6.7.0.) in /home/977018.cloudwaysapps.com/eexddamdea/public_html/wp-includes/functions.php on line 6131
[08-Apr-2026 07:54:59 UTC] PHP Deprecated:  Creation of dynamic property Dsm_Supreme_Modules_Pro_For_Divi::$settings_api is deprecated in /home/977018.cloudwaysapps.com/eexddamdea/public_html/wp-content/plugins/supreme-modules-pro-for-divi/includes/class-dsm-supreme-modules-pro-for-divi.php on line 184
[08-Apr-2026 07:54:59 UTC] PHP Notice:  Function _load_textdomain_just_in_time was called <strong>incorrectly</strong>. Translation loading for the <code>acf</code> domain was triggered too early. This is usually an indicator for some code in the plugin or theme running too early. Translations should be loaded at the <code>init</code> action or later. Please see <a href="https://developer.wordpress.org/advanced-administration/debug/debug-wordpress/">Debugging in WordPress</a> for more information. (This message was added in version 6.7.0.) in /home/977018.cloudwaysapps.com/eexddamdea/public_html/wp-includes/functions.php on line 6131
[08-Apr-2026 07:55:00 UTC] PHP Deprecated:  Creation of dynamic property Dsm_Supreme_Modules_Pro_For_Divi::$settings_api is deprecated in /home/977018.cloudwaysapps.com/eexddamdea/public_html/wp-content/plugins/supreme-modules-pro-for-divi/includes/class-dsm-supreme-modules-pro-for-divi.php on line 184
[08-Apr-2026 07:55:00 UTC] PHP Notice:  Function _load_textdomain_just_in_time was called <strong>incorrectly</strong>. Translation loading for the <code>acf</code> domain was triggered too early. This is usually an indicator for some code in the plugin or theme running too early. Translations should be loaded at the <code>init</code> action or later. Please see <a href="https://developer.wordpress.org/advanced-administration/debug/debug-wordpress/">Debugging in WordPress</a> for more information. (This message was added in version 6.7.0.) in /home/977018.cloudwaysapps.com/eexddamdea/public_html/wp-includes/functions.php on line 6131
[08-Apr-2026 07:55:00 UTC] PHP Deprecated:  Creation of dynamic property Dsm_Supreme_Modules_Pro_For_Divi::$settings_api is deprecated in /home/977018.cloudwaysapps.com/eexddamdea/public_html/wp-content/plugins/supreme-modules-pro-for-divi/includes/class-dsm-supreme-modules-pro-for-divi.php on line 184
[08-Apr-2026 07:55:03 UTC] PHP Deprecated:  Creation of dynamic property DSM_AnimatedGradientText::$icon_path is deprecated in /home/977018.cloudwaysapps.com/eexddamdea/public_html/wp-content/themes/Divi/includes/builder/class-et-builder-element.php on line 1425
[08-Apr-2026 07:55:03 UTC] PHP Deprecated:  Creation of dynamic property DSM_Text_Badges::$icon_path is deprecated in /home/977018.cloudwaysapps.com/eexddamdea/public_html/wp-content/themes/Divi/includes/builder/class-et-builder-element.php on line 1425
[08-Apr-2026 07:55:03 UTC] PHP Deprecated:  Creation of dynamic property DSM_Before_After_Image::$icon_path is deprecated in /home/977018.cloudwaysapps.com/eexddamdea/public_html/wp-content/themes/Divi/includes/builder/class-et-builder-element.php on line 1425
[08-Apr-2026 07:55:03 UTC] PHP Deprecated:  Automatic conversion of false to array is deprecated in /home/977018.cloudwaysapps.com/eexddamdea/public_html/wp-content/plugins/supreme-modules-pro-for-divi/includes/modules/BlobImage/BlobImage.php on line 450
[08-Apr-2026 07:55:03 UTC] PHP Deprecated:  Creation of dynamic property DSM_Block_Reveal_Image::$icon_path is deprecated in /home/977018.cloudwaysapps.com/eexddamdea/public_html/wp-content/themes/Divi/includes/builder/class-et-builder-element.php on line 1425
[08-Apr-2026 07:55:03 UTC] PHP Deprecated:  Creation of dynamic property DSM_BlockRevealText::$icon_path is deprecated in /home/977018.cloudwaysapps.com/eexddamdea/public_html/wp-content/themes/Divi/includes/builder/class-et-builder-element.php on line 1425
[08-Apr-2026 07:55:03 UTC] PHP Deprecated:  Using ${var} in strings is deprecated, use {$var} instead in /home/977018.cloudwaysapps.com/eexddamdea/public_html/wp-content/plugins/supreme-modules-pro-for-divi/includes/modules/BlogCarousel/BlogCarousel.php on line 1622
[08-Apr-2026 07:55:03 UTC] PHP Deprecated:  Creation of dynamic property DSM_BlogCarousel::$icon_path is deprecated in /home/977018.cloudwaysapps.com/eexddamdea/public_html/wp-content/themes/Divi/includes/builder/class-et-builder-element.php on line 1425
[08-Apr-2026 07:55:03 UTC] PHP Deprecated:  Automatic conversion of false to array is deprecated in /home/977018.cloudwaysapps.com/eexddamdea/public_html/wp-content/plugins/supreme-modules-pro-for-divi/includes/modules/BlogCarousel/BlogCarousel.php on line 107
[08-Apr-2026 07:55:03 UTC] PHP Deprecated:  Creation of dynamic property DSM_Breadcrumbs::$icon_path is deprecated in /home/977018.cloudwaysapps.com/eexddamdea/public_html/wp-content/themes/Divi/includes/builder/class-et-builder-element.php on line 1425
[08-Apr-2026 07:55:03 UTC] PHP Deprecated:  Automatic conversion of false to array is deprecated in /home/977018.cloudwaysapps.com/eexddamdea/public_html/wp-content/plugins/supreme-modules-pro-for-divi/includes/modules/Breadcrumbs/Breadcrumbs.php on line 112
[08-Apr-2026 07:55:03 UTC] PHP Deprecated:  Creation of dynamic property DSM_Business_Hours::$icon_path is deprecated in /home/977018.cloudwaysapps.com/eexddamdea/public_html/wp-content/themes/Divi/includes/builder/class-et-builder-element.php on line 1425
[08-Apr-2026 07:55:03 UTC] PHP Deprecated:  Creation of dynamic property DSM_Button::$icon_path is deprecated in /home/977018.cloudwaysapps.com/eexddamdea/public_html/wp-content/themes/Divi/includes/builder/class-et-builder-element.php on line 1425
[08-Apr-2026 07:55:03 UTC] PHP Notice:  Function _load_textdomain_just_in_time was called <strong>incorrectly</strong>. Translation loading for the <code>acf</code> domain was triggered too early. This is usually an indicator for some code in the plugin or theme running too early. Translations should be loaded at the <code>init</code> action or later. Please see <a href="https://developer.wordpress.org/advanced-administration/debug/debug-wordpress/">Debugging in WordPress</a> for more information. (This message was added in version 6.7.0.) in /home/977018.cloudwaysapps.com/eexddamdea/public_html/wp-includes/functions.php on line 6131
[08-Apr-2026 07:55:03 UTC] PHP Deprecated:  Creation of dynamic property DSM_CalderaForms::$icon_path is deprecated in /home/977018.cloudwaysapps.com/eexddamdea/public_html/wp-content/themes/Divi/includes/builder/class-et-builder-element.php on line 1425
[08-Apr-2026 07:55:03 UTC] PHP Deprecated:  Using ${var} in strings is deprecated, use {$var} instead in /home/977018.cloudwaysapps.com/eexddamdea/public_html/wp-content/plugins/supreme-modules-pro-for-divi/includes/modules/Card/Card.php on line 1719
[08-Apr-2026 07:55:03 UTC] PHP Deprecated:  Creation of dynamic property DSM_Card::$icon_path is deprecated in /home/977018.cloudwaysapps.com/eexddamdea/public_html/wp-content/themes/Divi/includes/builder/class-et-builder-element.php on line 1425
[08-Apr-2026 07:55:04 UTC] PHP Deprecated:  Using ${var} in strings is deprecated, use {$var} instead in /home/977018.cloudwaysapps.com/eexddamdea/public_html/wp-content/plugins/supreme-modules-pro-for-divi/includes/modules/CardCarousel/CardCarousel.php on line 1825
[08-Apr-2026 07:55:04 UTC] PHP Deprecated:  Creation of dynamic property DSM_CardCarousel::$icon_path is deprecated in /home/977018.cloudwaysapps.com/eexddamdea/public_html/wp-content/themes/Divi/includes/builder/class-et-builder-element.php on line 1425
[08-Apr-2026 07:55:04 UTC] PHP Deprecated:  Using ${var} in strings is deprecated, use {$var} instead in /home/977018.cloudwaysapps.com/eexddamdea/public_html/wp-content/plugins/supreme-modules-pro-for-divi/includes/modules/CardCarouselChild/CardCarouselChild.php on line 1446
[08-Apr-2026 07:55:04 UTC] PHP Deprecated:  Creation of dynamic property DSM_ContactForm7::$icon_path is deprecated in /home/977018.cloudwaysapps.com/eexddamdea/public_html/wp-content/themes/Divi/includes/builder/class-et-builder-element.php on line 1425
[08-Apr-2026 07:55:04 UTC] PHP Deprecated:  Creation of dynamic property DSM_Content_Toggle::$icon_path is deprecated in /home/977018.cloudwaysapps.com/eexddamdea/public_html/wp-content/themes/Divi/includes/builder/class-et-builder-element.php on line 1425
[08-Apr-2026 07:55:04 UTC] PHP Deprecated:  Automatic conversion of false to array is deprecated in /home/977018.cloudwaysapps.com/eexddamdea/public_html/wp-content/plugins/supreme-modules-pro-for-divi/includes/modules/ContentToggle/ContentToggle.php on line 48
[08-Apr-2026 07:55:04 UTC] PHP Deprecated:  Creation of dynamic property DSM_Dual_Heading::$icon_path is deprecated in /home/977018.cloudwaysapps.com/eexddamdea/public_html/wp-content/themes/Divi/includes/builder/class-et-builder-element.php on line 1425
[08-Apr-2026 07:55:04 UTC] PHP Deprecated:  Creation of dynamic property DSM_EmbedGoogleMap::$icon_path is deprecated in /home/977018.cloudwaysapps.com/eexddamdea/public_html/wp-content/themes/Divi/includes/builder/class-et-builder-element.php on line 1425
[08-Apr-2026 07:55:04 UTC] PHP Deprecated:  Creation of dynamic property DSM_TwitterEmbeddedTimeline::$icon_path is deprecated in /home/977018.cloudwaysapps.com/eexddamdea/public_html/wp-content/themes/Divi/includes/builder/class-et-builder-element.php on line 1425
[08-Apr-2026 07:55:04 UTC] PHP Deprecated:  Creation of dynamic property DSM_FacebookEmbed::$icon_path is deprecated in /home/977018.cloudwaysapps.com/eexddamdea/public_html/wp-content/themes/Divi/includes/builder/class-et-builder-element.php on line 1425
[08-Apr-2026 07:55:04 UTC] PHP Deprecated:  Creation of dynamic property DSM_FacebookLikeButton::$icon_path is deprecated in /home/977018.cloudwaysapps.com/eexddamdea/public_html/wp-content/themes/Divi/includes/builder/class-et-builder-element.php on line 1425
[08-Apr-2026 07:55:04 UTC] PHP Deprecated:  Creation of dynamic property Dsm_Supreme_Modules_Pro_For_Divi::$settings_api is deprecated in /home/977018.cloudwaysapps.com/eexddamdea/public_html/wp-content/plugins/supreme-modules-pro-for-divi/includes/class-dsm-supreme-modules-pro-for-divi.php on line 184
[08-Apr-2026 07:55:04 UTC] PHP Deprecated:  Creation of dynamic property DSM_FacebookSimpleComments::$icon_path is deprecated in /home/977018.cloudwaysapps.com/eexddamdea/public_html/wp-content/themes/Divi/includes/builder/class-et-builder-element.php on line 1425
[08-Apr-2026 07:55:04 UTC] PHP Deprecated:  Creation of dynamic property DSM_FacebookSimpleFeed::$icon_path is deprecated in /home/977018.cloudwaysapps.com/eexddamdea/public_html/wp-content/themes/Divi/includes/builder/class-et-builder-element.php on line 1425
[08-Apr-2026 07:55:04 UTC] PHP Deprecated:  Using ${var} in strings is deprecated, use {$var} instead in /home/977018.cloudwaysapps.com/eexddamdea/public_html/wp-content/plugins/supreme-modules-pro-for-divi/includes/modules/FlipBoxPerk/FlipBoxPerk.php on line 367
[08-Apr-2026 07:55:04 UTC] PHP Deprecated:  Using ${var} in strings is deprecated, use {$var} instead in /home/977018.cloudwaysapps.com/eexddamdea/public_html/wp-content/plugins/supreme-modules-pro-for-divi/includes/modules/FlipBoxPerk/FlipBoxPerk.php on line 371
[08-Apr-2026 07:55:04 UTC] PHP Deprecated:  Using ${var} in strings is deprecated, use {$var} instead in /home/977018.cloudwaysapps.com/eexddamdea/public_html/wp-content/plugins/supreme-modules-pro-for-divi/includes/modules/FlipBoxPerk/FlipBoxPerk.php on line 372
[08-Apr-2026 07:55:04 UTC] PHP Deprecated:  Using ${var} in strings is deprecated, use {$var} instead in /home/977018.cloudwaysapps.com/eexddamdea/public_html/wp-content/plugins/supreme-modules-pro-for-divi/includes/modules/FlipBoxPerk/FlipBoxPerk.php on line 374
[08-Apr-2026 07:55:04 UTC] PHP Deprecated:  Creation of dynamic property DSM_FlipBox_Perk::$icon_path is deprecated in /home/977018.cloudwaysapps.com/eexddamdea/public_html/wp-content/themes/Divi/includes/builder/class-et-builder-element.php on line 1425
[08-Apr-2026 07:55:04 UTC] PHP Deprecated:  Creation of dynamic property DSM_FlipBox_Perk_Child::$icon_element_selector is deprecated in /home/977018.cloudwaysapps.com/eexddamdea/public_html/wp-content/themes/Divi/includes/builder/class-et-builder-element.php on line 1425
[08-Apr-2026 07:55:04 UTC] PHP Deprecated:  Creation of dynamic property DSM_FlipBox_Perk_Child::$icon_element_classname is deprecated in /home/977018.cloudwaysapps.com/eexddamdea/public_html/wp-content/themes/Divi/includes/builder/class-et-builder-element.php on line 1425
[08-Apr-2026 07:55:04 UTC] PHP Deprecated:  Creation of dynamic property DSM_FloatingMultiImages::$icon_path is deprecated in /home/977018.cloudwaysapps.com/eexddamdea/public_html/wp-content/themes/Divi/includes/builder/class-et-builder-element.php on line 1425
[08-Apr-2026 07:55:04 UTC] PHP Deprecated:  Creation of dynamic property DSM_GlitchText::$icon_path is deprecated in /home/977018.cloudwaysapps.com/eexddamdea/public_html/wp-content/themes/Divi/includes/builder/class-et-builder-element.php on line 1425
[08-Apr-2026 07:55:04 UTC] PHP Deprecated:  Creation of dynamic property DSM_GradientText::$icon_path is deprecated in /home/977018.cloudwaysapps.com/eexddamdea/public_html/wp-content/themes/Divi/includes/builder/class-et-builder-element.php on line 1425
[08-Apr-2026 07:55:04 UTC] PHP Deprecated:  Creation of dynamic property DSM_Icon_Divider::$icon_path is deprecated in /home/977018.cloudwaysapps.com/eexddamdea/public_html/wp-content/themes/Divi/includes/builder/class-et-builder-element.php on line 1425
[08-Apr-2026 07:55:04 UTC] PHP Deprecated:  Creation of dynamic property DSM_Icon_Divider::$icon_element_selector is deprecated in /home/977018.cloudwaysapps.com/eexddamdea/public_html/wp-content/themes/Divi/includes/builder/class-et-builder-element.php on line 1425
[08-Apr-2026 07:55:04 UTC] PHP Deprecated:  Creation of dynamic property DSM_Icon_Divider::$icon_element_classname is deprecated in /home/977018.cloudwaysapps.com/eexddamdea/public_html/wp-content/themes/Divi/includes/builder/class-et-builder-element.php on line 1425
[08-Apr-2026 07:55:04 UTC] PHP Deprecated:  Creation of dynamic property DSM_Icon_List::$icon_path is deprecated in /home/977018.cloudwaysapps.com/eexddamdea/public_html/wp-content/themes/Divi/includes/builder/class-et-builder-element.php on line 1425
[08-Apr-2026 07:55:04 UTC] PHP Deprecated:  Creation of dynamic property DSM_Icon_List_Child::$icon_element_selector is deprecated in /home/977018.cloudwaysapps.com/eexddamdea/public_html/wp-content/themes/Divi/includes/builder/class-et-builder-element.php on line 1425
[08-Apr-2026 07:55:04 UTC] PHP Deprecated:  Creation of dynamic property DSM_Icon_List_Child::$icon_element_classname is deprecated in /home/977018.cloudwaysapps.com/eexddamdea/public_html/wp-content/themes/Divi/includes/builder/class-et-builder-element.php on line 1425
[08-Apr-2026 07:55:04 UTC] PHP Deprecated:  Creation of dynamic property DSM_ImageAccordion::$icon_path is deprecated in /home/977018.cloudwaysapps.com/eexddamdea/public_html/wp-content/themes/Divi/includes/builder/class-et-builder-element.php on line 1425
[08-Apr-2026 07:55:04 UTC] PHP Deprecated:  Automatic conversion of false to array is deprecated in /home/977018.cloudwaysapps.com/eexddamdea/public_html/wp-content/plugins/supreme-modules-pro-for-divi/includes/modules/ImageAccordion/ImageAccordion.php on line 193
[08-Apr-2026 07:55:04 UTC] PHP Deprecated:  Automatic conversion of false to array is deprecated in /home/977018.cloudwaysapps.com/eexddamdea/public_html/wp-content/plugins/supreme-modules-pro-for-divi/includes/modules/ImageAccordionChild/ImageAccordionChild.php on line 315
[08-Apr-2026 07:55:04 UTC] PHP Deprecated:  Creation of dynamic property DSM_ImageCarousel::$icon_path is deprecated in /home/977018.cloudwaysapps.com/eexddamdea/public_html/wp-content/themes/Divi/includes/builder/class-et-builder-element.php on line 1425
[08-Apr-2026 07:55:04 UTC] PHP Deprecated:  Creation of dynamic property DSM_Image_Hotspots::$icon_path is deprecated in /home/977018.cloudwaysapps.com/eexddamdea/public_html/wp-content/themes/Divi/includes/builder/class-et-builder-element.php on line 1425
[08-Apr-2026 07:55:04 UTC] PHP Deprecated:  Creation of dynamic property DSM_ImageHoverReveal::$icon_path is deprecated in /home/977018.cloudwaysapps.com/eexddamdea/public_html/wp-content/themes/Divi/includes/builder/class-et-builder-element.php on line 1425
[08-Apr-2026 07:55:04 UTC] PHP Deprecated:  Creation of dynamic property DSM_ImageReveal::$icon_path is deprecated in /home/977018.cloudwaysapps.com/eexddamdea/public_html/wp-content/themes/Divi/includes/builder/class-et-builder-element.php on line 1425
[08-Apr-2026 07:55:04 UTC] PHP Deprecated:  Creation of dynamic property DSM_Lottie::$icon_path is deprecated in /home/977018.cloudwaysapps.com/eexddamdea/public_html/wp-content/themes/Divi/includes/builder/class-et-builder-element.php on line 1425
[08-Apr-2026 07:55:04 UTC] PHP Deprecated:  Creation of dynamic property DSM_MaskText::$icon_path is deprecated in /home/977018.cloudwaysapps.com/eexddamdea/public_html/wp-content/themes/Divi/includes/builder/class-et-builder-element.php on line 1425
[08-Apr-2026 07:55:04 UTC] PHP Deprecated:  Creation of dynamic property DSM_MasonryGallery::$icon_path is deprecated in /home/977018.cloudwaysapps.com/eexddamdea/public_html/wp-content/themes/Divi/includes/builder/class-et-builder-element.php on line 1425
[08-Apr-2026 07:55:04 UTC] PHP Deprecated:  Automatic conversion of false to array is deprecated in /home/977018.cloudwaysapps.com/eexddamdea/public_html/wp-content/plugins/supreme-modules-pro-for-divi/includes/modules/MasonryGallery/MasonryGallery.php on line 87
[08-Apr-2026 07:55:04 UTC] PHP Deprecated:  Creation of dynamic property DSM_NavMenu::$icon_path is deprecated in /home/977018.cloudwaysapps.com/eexddamdea/public_html/wp-content/themes/Divi/includes/builder/class-et-builder-element.php on line 1425
[08-Apr-2026 07:55:04 UTC] PHP Deprecated:  Creation of dynamic property DSM_Perspective_Image::$icon_path is deprecated in /home/977018.cloudwaysapps.com/eexddamdea/public_html/wp-content/themes/Divi/includes/builder/class-et-builder-element.php on line 1425
[08-Apr-2026 07:55:04 UTC] PHP Deprecated:  Creation of dynamic property DSM_PostCarousel::$icon_path is deprecated in /home/977018.cloudwaysapps.com/eexddamdea/public_html/wp-content/themes/Divi/includes/builder/class-et-builder-element.php on line 1425
[08-Apr-2026 07:55:04 UTC] PHP Deprecated:  Automatic conversion of false to array is deprecated in /home/977018.cloudwaysapps.com/eexddamdea/public_html/wp-content/plugins/supreme-modules-pro-for-divi/includes/modules/PostCarousel/PostCarousel.php on line 106
[08-Apr-2026 07:55:04 UTC] PHP Deprecated:  Creation of dynamic property DSM_PriceList::$icon_path is deprecated in /home/977018.cloudwaysapps.com/eexddamdea/public_html/wp-content/themes/Divi/includes/builder/class-et-builder-element.php on line 1425
[08-Apr-2026 07:55:04 UTC] PHP Deprecated:  Creation of dynamic property DSM_Scroll_Image::$icon_path is deprecated in /home/977018.cloudwaysapps.com/eexddamdea/public_html/wp-content/themes/Divi/includes/builder/class-et-builder-element.php on line 1425
[08-Apr-2026 07:55:04 UTC] PHP Deprecated:  Creation of dynamic property DSM_Shapes::$icon_path is deprecated in /home/977018.cloudwaysapps.com/eexddamdea/public_html/wp-content/themes/Divi/includes/builder/class-et-builder-element.php on line 1425
[08-Apr-2026 07:55:04 UTC] PHP Deprecated:  Creation of dynamic property DSM_ShuffleLetters::$icon_path is deprecated in /home/977018.cloudwaysapps.com/eexddamdea/public_html/wp-content/themes/Divi/includes/builder/class-et-builder-element.php on line 1425
[08-Apr-2026 07:55:04 UTC] PHP Deprecated:  Using ${var} in strings is deprecated, use {$var} instead in /home/977018.cloudwaysapps.com/eexddamdea/public_html/wp-content/plugins/supreme-modules-pro-for-divi/includes/modules/StarRating/StarRating.php on line 402
[08-Apr-2026 07:55:04 UTC] PHP Deprecated:  Using ${var} in strings is deprecated, use {$var} instead in /home/977018.cloudwaysapps.com/eexddamdea/public_html/wp-content/plugins/supreme-modules-pro-for-divi/includes/modules/StarRating/StarRating.php on line 402
[08-Apr-2026 07:55:04 UTC] PHP Deprecated:  Using ${var} in strings is deprecated, use {$var} instead in /home/977018.cloudwaysapps.com/eexddamdea/public_html/wp-content/plugins/supreme-modules-pro-for-divi/includes/modules/StarRating/StarRating.php on line 413
[08-Apr-2026 07:55:04 UTC] PHP Deprecated:  Using ${var} in strings is deprecated, use {$var} instead in /home/977018.cloudwaysapps.com/eexddamdea/public_html/wp-content/plugins/supreme-modules-pro-for-divi/includes/modules/StarRating/StarRating.php on line 413
[08-Apr-2026 07:55:04 UTC] PHP Deprecated:  Creation of dynamic property DSM_Star_Rating::$icon_path is deprecated in /home/977018.cloudwaysapps.com/eexddamdea/public_html/wp-content/themes/Divi/includes/builder/class-et-builder-element.php on line 1425
[08-Apr-2026 07:55:04 UTC] PHP Deprecated:  Creation of dynamic property DSM_Text_Divider::$icon_path is deprecated in /home/977018.cloudwaysapps.com/eexddamdea/public_html/wp-content/themes/Divi/includes/builder/class-et-builder-element.php on line 1425
[08-Apr-2026 07:55:04 UTC] PHP Deprecated:  Creation of dynamic property DSM_TextNotation::$icon_path is deprecated in /home/977018.cloudwaysapps.com/eexddamdea/public_html/wp-content/themes/Divi/includes/builder/class-et-builder-element.php on line 1425
[08-Apr-2026 07:55:04 UTC] PHP Deprecated:  Creation of dynamic property DSM_TextRotator::$icon_path is deprecated in /home/977018.cloudwaysapps.com/eexddamdea/public_html/wp-content/themes/Divi/includes/builder/class-et-builder-element.php on line 1425
[08-Apr-2026 07:55:04 UTC] PHP Deprecated:  Creation of dynamic property DSM_Tilt_Image::$icon_path is deprecated in /home/977018.cloudwaysapps.com/eexddamdea/public_html/wp-content/themes/Divi/includes/builder/class-et-builder-element.php on line 1425
[08-Apr-2026 07:55:04 UTC] PHP Deprecated:  Creation of dynamic property DSM_TypingEffect::$icon_path is deprecated in /home/977018.cloudwaysapps.com/eexddamdea/public_html/wp-content/themes/Divi/includes/builder/class-et-builder-element.php on line 1425
[08-Apr-2026 07:55:05 UTC] PHP Notice:  Function _load_textdomain_just_in_time was called <strong>incorrectly</strong>. Translation loading for the <code>acf</code> domain was triggered too early. This is usually an indicator for some code in the plugin or theme running too early. Translations should be loaded at the <code>init</code> action or later. Please see <a href="https://developer.wordpress.org/advanced-administration/debug/debug-wordpress/">Debugging in WordPress</a> for more information. (This message was added in version 6.7.0.) in /home/977018.cloudwaysapps.com/eexddamdea/public_html/wp-includes/functions.php on line 6131
[08-Apr-2026 07:55:05 UTC] PHP Notice:  Function _load_textdomain_just_in_time was called <strong>incorrectly</strong>. Translation loading for the <code>acf</code> domain was triggered too early. This is usually an indicator for some code in the plugin or theme running too early. Translations should be loaded at the <code>init</code> action or later. Please see <a href="https://developer.wordpress.org/advanced-administration/debug/debug-wordpress/">Debugging in WordPress</a> for more information. (This message was added in version 6.7.0.) in /home/977018.cloudwaysapps.com/eexddamdea/public_html/wp-includes/functions.php on line 6131
[08-Apr-2026 07:55:05 UTC] PHP Deprecated:  Creation of dynamic property Dsm_Supreme_Modules_Pro_For_Divi::$settings_api is deprecated in /home/977018.cloudwaysapps.com/eexddamdea/public_html/wp-content/plugins/supreme-modules-pro-for-divi/includes/class-dsm-supreme-modules-pro-for-divi.php on line 184
[08-Apr-2026 07:55:05 UTC] PHP Deprecated:  Creation of dynamic property Dsm_Supreme_Modules_Pro_For_Divi::$settings_api is deprecated in /home/977018.cloudwaysapps.com/eexddamdea/public_html/wp-content/plugins/supreme-modules-pro-for-divi/includes/class-dsm-supreme-modules-pro-for-divi.php on line 184
[08-Apr-2026 07:55:07 UTC] PHP Deprecated:  Creation of dynamic property DSM_AnimatedGradientText::$icon_path is deprecated in /home/977018.cloudwaysapps.com/eexddamdea/public_html/wp-content/themes/Divi/includes/builder/class-et-builder-element.php on line 1425
[08-Apr-2026 07:55:07 UTC] PHP Deprecated:  Creation of dynamic property DSM_Text_Badges::$icon_path is deprecated in /home/977018.cloudwaysapps.com/eexddamdea/public_html/wp-content/themes/Divi/includes/builder/class-et-builder-element.php on line 1425
[08-Apr-2026 07:55:07 UTC] PHP Deprecated:  Creation of dynamic property DSM_Before_After_Image::$icon_path is deprecated in /home/977018.cloudwaysapps.com/eexddamdea/public_html/wp-content/themes/Divi/includes/builder/class-et-builder-element.php on line 1425
[08-Apr-2026 07:55:07 UTC] PHP Deprecated:  Automatic conversion of false to array is deprecated in /home/977018.cloudwaysapps.com/eexddamdea/public_html/wp-content/plugins/supreme-modules-pro-for-divi/includes/modules/BlobImage/BlobImage.php on line 450
[08-Apr-2026 07:55:07 UTC] PHP Deprecated:  Creation of dynamic property DSM_Block_Reveal_Image::$icon_path is deprecated in /home/977018.cloudwaysapps.com/eexddamdea/public_html/wp-content/themes/Divi/includes/builder/class-et-builder-element.php on line 1425
[08-Apr-2026 07:55:07 UTC] PHP Deprecated:  Creation of dynamic property DSM_BlockRevealText::$icon_path is deprecated in /home/977018.cloudwaysapps.com/eexddamdea/public_html/wp-content/themes/Divi/includes/builder/class-et-builder-element.php on line 1425
[08-Apr-2026 07:55:07 UTC] PHP Deprecated:  Using ${var} in strings is deprecated, use {$var} instead in /home/977018.cloudwaysapps.com/eexddamdea/public_html/wp-content/plugins/supreme-modules-pro-for-divi/includes/modules/BlogCarousel/BlogCarousel.php on line 1622
[08-Apr-2026 07:55:07 UTC] PHP Deprecated:  Creation of dynamic property DSM_BlogCarousel::$icon_path is deprecated in /home/977018.cloudwaysapps.com/eexddamdea/public_html/wp-content/themes/Divi/includes/builder/class-et-builder-element.php on line 1425
[08-Apr-2026 07:55:07 UTC] PHP Deprecated:  Automatic conversion of false to array is deprecated in /home/977018.cloudwaysapps.com/eexddamdea/public_html/wp-content/plugins/supreme-modules-pro-for-divi/includes/modules/BlogCarousel/BlogCarousel.php on line 107
[08-Apr-2026 07:55:07 UTC] PHP Deprecated:  Creation of dynamic property DSM_Breadcrumbs::$icon_path is deprecated in /home/977018.cloudwaysapps.com/eexddamdea/public_html/wp-content/themes/Divi/includes/builder/class-et-builder-element.php on line 1425
[08-Apr-2026 07:55:07 UTC] PHP Deprecated:  Automatic conversion of false to array is deprecated in /home/977018.cloudwaysapps.com/eexddamdea/public_html/wp-content/plugins/supreme-modules-pro-for-divi/includes/modules/Breadcrumbs/Breadcrumbs.php on line 112
[08-Apr-2026 07:55:07 UTC] PHP Deprecated:  Creation of dynamic property DSM_Business_Hours::$icon_path is deprecated in /home/977018.cloudwaysapps.com/eexddamdea/public_html/wp-content/themes/Divi/includes/builder/class-et-builder-element.php on line 1425
[08-Apr-2026 07:55:07 UTC] PHP Deprecated:  Creation of dynamic property DSM_Button::$icon_path is deprecated in /home/977018.cloudwaysapps.com/eexddamdea/public_html/wp-content/themes/Divi/includes/builder/class-et-builder-element.php on line 1425
[08-Apr-2026 07:55:07 UTC] PHP Deprecated:  Creation of dynamic property DSM_CalderaForms::$icon_path is deprecated in /home/977018.cloudwaysapps.com/eexddamdea/public_html/wp-content/themes/Divi/includes/builder/class-et-builder-element.php on line 1425
[08-Apr-2026 07:55:07 UTC] PHP Deprecated:  Using ${var} in strings is deprecated, use {$var} instead in /home/977018.cloudwaysapps.com/eexddamdea/public_html/wp-content/plugins/supreme-modules-pro-for-divi/includes/modules/Card/Card.php on line 1719
[08-Apr-2026 07:55:07 UTC] PHP Deprecated:  Creation of dynamic property DSM_Card::$icon_path is deprecated in /home/977018.cloudwaysapps.com/eexddamdea/public_html/wp-content/themes/Divi/includes/builder/class-et-builder-element.php on line 1425
[08-Apr-2026 07:55:07 UTC] PHP Deprecated:  Using ${var} in strings is deprecated, use {$var} instead in /home/977018.cloudwaysapps.com/eexddamdea/public_html/wp-content/plugins/supreme-modules-pro-for-divi/includes/modules/CardCarousel/CardCarousel.php on line 1825
[08-Apr-2026 07:55:07 UTC] PHP Deprecated:  Creation of dynamic property DSM_CardCarousel::$icon_path is deprecated in /home/977018.cloudwaysapps.com/eexddamdea/public_html/wp-content/themes/Divi/includes/builder/class-et-builder-element.php on line 1425
[08-Apr-2026 07:55:07 UTC] PHP Deprecated:  Using ${var} in strings is deprecated, use {$var} instead in /home/977018.cloudwaysapps.com/eexddamdea/public_html/wp-content/plugins/supreme-modules-pro-for-divi/includes/modules/CardCarouselChild/CardCarouselChild.php on line 1446
[08-Apr-2026 07:55:07 UTC] PHP Deprecated:  Creation of dynamic property DSM_ContactForm7::$icon_path is deprecated in /home/977018.cloudwaysapps.com/eexddamdea/public_html/wp-content/themes/Divi/includes/builder/class-et-builder-element.php on line 1425
[08-Apr-2026 07:55:07 UTC] PHP Deprecated:  Creation of dynamic property DSM_Content_Toggle::$icon_path is deprecated in /home/977018.cloudwaysapps.com/eexddamdea/public_html/wp-content/themes/Divi/includes/builder/class-et-builder-element.php on line 1425
[08-Apr-2026 07:55:07 UTC] PHP Deprecated:  Automatic conversion of false to array is deprecated in /home/977018.cloudwaysapps.com/eexddamdea/public_html/wp-content/plugins/supreme-modules-pro-for-divi/includes/modules/ContentToggle/ContentToggle.php on line 48
[08-Apr-2026 07:55:07 UTC] PHP Deprecated:  Creation of dynamic property DSM_Dual_Heading::$icon_path is deprecated in /home/977018.cloudwaysapps.com/eexddamdea/public_html/wp-content/themes/Divi/includes/builder/class-et-builder-element.php on line 1425
[08-Apr-2026 07:55:07 UTC] PHP Deprecated:  Creation of dynamic property DSM_EmbedGoogleMap::$icon_path is deprecated in /home/977018.cloudwaysapps.com/eexddamdea/public_html/wp-content/themes/Divi/includes/builder/class-et-builder-element.php on line 1425
[08-Apr-2026 07:55:07 UTC] PHP Deprecated:  Creation of dynamic property DSM_TwitterEmbeddedTimeline::$icon_path is deprecated in /home/977018.cloudwaysapps.com/eexddamdea/public_html/wp-content/themes/Divi/includes/builder/class-et-builder-element.php on line 1425
[08-Apr-2026 07:55:07 UTC] PHP Deprecated:  Creation of dynamic property DSM_FacebookEmbed::$icon_path is deprecated in /home/977018.cloudwaysapps.com/eexddamdea/public_html/wp-content/themes/Divi/includes/builder/class-et-builder-element.php on line 1425
[08-Apr-2026 07:55:07 UTC] PHP Deprecated:  Creation of dynamic property DSM_FacebookLikeButton::$icon_path is deprecated in /home/977018.cloudwaysapps.com/eexddamdea/public_html/wp-content/themes/Divi/includes/builder/class-et-builder-element.php on line 1425
[08-Apr-2026 07:55:07 UTC] PHP Deprecated:  Creation of dynamic property DSM_FacebookSimpleComments::$icon_path is deprecated in /home/977018.cloudwaysapps.com/eexddamdea/public_html/wp-content/themes/Divi/includes/builder/class-et-builder-element.php on line 1425
[08-Apr-2026 07:55:07 UTC] PHP Deprecated:  Creation of dynamic property DSM_FacebookSimpleFeed::$icon_path is deprecated in /home/977018.cloudwaysapps.com/eexddamdea/public_html/wp-content/themes/Divi/includes/builder/class-et-builder-element.php on line 1425
[08-Apr-2026 07:55:07 UTC] PHP Deprecated:  Using ${var} in strings is deprecated, use {$var} instead in /home/977018.cloudwaysapps.com/eexddamdea/public_html/wp-content/plugins/supreme-modules-pro-for-divi/includes/modules/FlipBoxPerk/FlipBoxPerk.php on line 367
[08-Apr-2026 07:55:07 UTC] PHP Deprecated:  Using ${var} in strings is deprecated, use {$var} instead in /home/977018.cloudwaysapps.com/eexddamdea/public_html/wp-content/plugins/supreme-modules-pro-for-divi/includes/modules/FlipBoxPerk/FlipBoxPerk.php on line 371
[08-Apr-2026 07:55:07 UTC] PHP Deprecated:  Using ${var} in strings is deprecated, use {$var} instead in /home/977018.cloudwaysapps.com/eexddamdea/public_html/wp-content/plugins/supreme-modules-pro-for-divi/includes/modules/FlipBoxPerk/FlipBoxPerk.php on line 372
[08-Apr-2026 07:55:07 UTC] PHP Deprecated:  Using ${var} in strings is deprecated, use {$var} instead in /home/977018.cloudwaysapps.com/eexddamdea/public_html/wp-content/plugins/supreme-modules-pro-for-divi/includes/modules/FlipBoxPerk/FlipBoxPerk.php on line 374
[08-Apr-2026 07:55:07 UTC] PHP Deprecated:  Creation of dynamic property DSM_FlipBox_Perk::$icon_path is deprecated in /home/977018.cloudwaysapps.com/eexddamdea/public_html/wp-content/themes/Divi/includes/builder/class-et-builder-element.php on line 1425
[08-Apr-2026 07:55:07 UTC] PHP Deprecated:  Creation of dynamic property DSM_FlipBox_Perk_Child::$icon_element_selector is deprecated in /home/977018.cloudwaysapps.com/eexddamdea/public_html/wp-content/themes/Divi/includes/builder/class-et-builder-element.php on line 1425
[08-Apr-2026 07:55:07 UTC] PHP Deprecated:  Creation of dynamic property DSM_FlipBox_Perk_Child::$icon_element_classname is deprecated in /home/977018.cloudwaysapps.com/eexddamdea/public_html/wp-content/themes/Divi/includes/builder/class-et-builder-element.php on line 1425
[08-Apr-2026 07:55:07 UTC] PHP Deprecated:  Creation of dynamic property DSM_FloatingMultiImages::$icon_path is deprecated in /home/977018.cloudwaysapps.com/eexddamdea/public_html/wp-content/themes/Divi/includes/builder/class-et-builder-element.php on line 1425
[08-Apr-2026 07:55:07 UTC] PHP Deprecated:  Creation of dynamic property DSM_GlitchText::$icon_path is deprecated in /home/977018.cloudwaysapps.com/eexddamdea/public_html/wp-content/themes/Divi/includes/builder/class-et-builder-element.php on line 1425
[08-Apr-2026 07:55:07 UTC] PHP Deprecated:  Creation of dynamic property DSM_GradientText::$icon_path is deprecated in /home/977018.cloudwaysapps.com/eexddamdea/public_html/wp-content/themes/Divi/includes/builder/class-et-builder-element.php on line 1425
[08-Apr-2026 07:55:07 UTC] PHP Deprecated:  Creation of dynamic property DSM_Icon_Divider::$icon_path is deprecated in /home/977018.cloudwaysapps.com/eexddamdea/public_html/wp-content/themes/Divi/includes/builder/class-et-builder-element.php on line 1425
[08-Apr-2026 07:55:07 UTC] PHP Deprecated:  Creation of dynamic property DSM_Icon_Divider::$icon_element_selector is deprecated in /home/977018.cloudwaysapps.com/eexddamdea/public_html/wp-content/themes/Divi/includes/builder/class-et-builder-element.php on line 1425
[08-Apr-2026 07:55:07 UTC] PHP Deprecated:  Creation of dynamic property DSM_Icon_Divider::$icon_element_classname is deprecated in /home/977018.cloudwaysapps.com/eexddamdea/public_html/wp-content/themes/Divi/includes/builder/class-et-builder-element.php on line 1425
[08-Apr-2026 07:55:07 UTC] PHP Deprecated:  Creation of dynamic property DSM_Icon_List::$icon_path is deprecated in /home/977018.cloudwaysapps.com/eexddamdea/public_html/wp-content/themes/Divi/includes/builder/class-et-builder-element.php on line 1425
[08-Apr-2026 07:55:07 UTC] PHP Deprecated:  Creation of dynamic property DSM_Icon_List_Child::$icon_element_selector is deprecated in /home/977018.cloudwaysapps.com/eexddamdea/public_html/wp-content/themes/Divi/includes/builder/class-et-builder-element.php on line 1425
[08-Apr-2026 07:55:07 UTC] PHP Deprecated:  Creation of dynamic property DSM_Icon_List_Child::$icon_element_classname is deprecated in /home/977018.cloudwaysapps.com/eexddamdea/public_html/wp-content/themes/Divi/includes/builder/class-et-builder-element.php on line 1425
[08-Apr-2026 07:55:07 UTC] PHP Deprecated:  Creation of dynamic property DSM_ImageAccordion::$icon_path is deprecated in /home/977018.cloudwaysapps.com/eexddamdea/public_html/wp-content/themes/Divi/includes/builder/class-et-builder-element.php on line 1425
[08-Apr-2026 07:55:07 UTC] PHP Deprecated:  Automatic conversion of false to array is deprecated in /home/977018.cloudwaysapps.com/eexddamdea/public_html/wp-content/plugins/supreme-modules-pro-for-divi/includes/modules/ImageAccordion/ImageAccordion.php on line 193
[08-Apr-2026 07:55:07 UTC] PHP Deprecated:  Automatic conversion of false to array is deprecated in /home/977018.cloudwaysapps.com/eexddamdea/public_html/wp-content/plugins/supreme-modules-pro-for-divi/includes/modules/ImageAccordionChild/ImageAccordionChild.php on line 315
[08-Apr-2026 07:55:07 UTC] PHP Deprecated:  Creation of dynamic property DSM_ImageCarousel::$icon_path is deprecated in /home/977018.cloudwaysapps.com/eexddamdea/public_html/wp-content/themes/Divi/includes/builder/class-et-builder-element.php on line 1425
[08-Apr-2026 07:55:07 UTC] PHP Deprecated:  Creation of dynamic property DSM_Image_Hotspots::$icon_path is deprecated in /home/977018.cloudwaysapps.com/eexddamdea/public_html/wp-content/themes/Divi/includes/builder/class-et-builder-element.php on line 1425
[08-Apr-2026 07:55:07 UTC] PHP Deprecated:  Creation of dynamic property DSM_ImageHoverReveal::$icon_path is deprecated in /home/977018.cloudwaysapps.com/eexddamdea/public_html/wp-content/themes/Divi/includes/builder/class-et-builder-element.php on line 1425
[08-Apr-2026 07:55:07 UTC] PHP Deprecated:  Creation of dynamic property DSM_ImageReveal::$icon_path is deprecated in /home/977018.cloudwaysapps.com/eexddamdea/public_html/wp-content/themes/Divi/includes/builder/class-et-builder-element.php on line 1425
[08-Apr-2026 07:55:07 UTC] PHP Deprecated:  Creation of dynamic property DSM_Lottie::$icon_path is deprecated in /home/977018.cloudwaysapps.com/eexddamdea/public_html/wp-content/themes/Divi/includes/builder/class-et-builder-element.php on line 1425
[08-Apr-2026 07:55:07 UTC] PHP Deprecated:  Creation of dynamic property DSM_MaskText::$icon_path is deprecated in /home/977018.cloudwaysapps.com/eexddamdea/public_html/wp-content/themes/Divi/includes/builder/class-et-builder-element.php on line 1425
[08-Apr-2026 07:55:07 UTC] PHP Deprecated:  Creation of dynamic property DSM_MasonryGallery::$icon_path is deprecated in /home/977018.cloudwaysapps.com/eexddamdea/public_html/wp-content/themes/Divi/includes/builder/class-et-builder-element.php on line 1425
[08-Apr-2026 07:55:07 UTC] PHP Deprecated:  Automatic conversion of false to array is deprecated in /home/977018.cloudwaysapps.com/eexddamdea/public_html/wp-content/plugins/supreme-modules-pro-for-divi/includes/modules/MasonryGallery/MasonryGallery.php on line 87
[08-Apr-2026 07:55:07 UTC] PHP Deprecated:  Creation of dynamic property DSM_NavMenu::$icon_path is deprecated in /home/977018.cloudwaysapps.com/eexddamdea/public_html/wp-content/themes/Divi/includes/builder/class-et-builder-element.php on line 1425
[08-Apr-2026 07:55:07 UTC] PHP Deprecated:  Creation of dynamic property DSM_Perspective_Image::$icon_path is deprecated in /home/977018.cloudwaysapps.com/eexddamdea/public_html/wp-content/themes/Divi/includes/builder/class-et-builder-element.php on line 1425
[08-Apr-2026 07:55:07 UTC] PHP Deprecated:  Creation of dynamic property DSM_PostCarousel::$icon_path is deprecated in /home/977018.cloudwaysapps.com/eexddamdea/public_html/wp-content/themes/Divi/includes/builder/class-et-builder-element.php on line 1425
[08-Apr-2026 07:55:07 UTC] PHP Deprecated:  Automatic conversion of false to array is deprecated in /home/977018.cloudwaysapps.com/eexddamdea/public_html/wp-content/plugins/supreme-modules-pro-for-divi/includes/modules/PostCarousel/PostCarousel.php on line 106
[08-Apr-2026 07:55:07 UTC] PHP Deprecated:  Creation of dynamic property DSM_PriceList::$icon_path is deprecated in /home/977018.cloudwaysapps.com/eexddamdea/public_html/wp-content/themes/Divi/includes/builder/class-et-builder-element.php on line 1425
[08-Apr-2026 07:55:07 UTC] PHP Deprecated:  Creation of dynamic property DSM_Scroll_Image::$icon_path is deprecated in /home/977018.cloudwaysapps.com/eexddamdea/public_html/wp-content/themes/Divi/includes/builder/class-et-builder-element.php on line 1425
[08-Apr-2026 07:55:07 UTC] PHP Deprecated:  Creation of dynamic property DSM_Shapes::$icon_path is deprecated in /home/977018.cloudwaysapps.com/eexddamdea/public_html/wp-content/themes/Divi/includes/builder/class-et-builder-element.php on line 1425
[08-Apr-2026 07:55:07 UTC] PHP Deprecated:  Creation of dynamic property DSM_ShuffleLetters::$icon_path is deprecated in /home/977018.cloudwaysapps.com/eexddamdea/public_html/wp-content/themes/Divi/includes/builder/class-et-builder-element.php on line 1425
[08-Apr-2026 07:55:07 UTC] PHP Deprecated:  Using ${var} in strings is deprecated, use {$var} instead in /home/977018.cloudwaysapps.com/eexddamdea/public_html/wp-content/plugins/supreme-modules-pro-for-divi/includes/modules/StarRating/StarRating.php on line 402
[08-Apr-2026 07:55:07 UTC] PHP Deprecated:  Using ${var} in strings is deprecated, use {$var} instead in /home/977018.cloudwaysapps.com/eexddamdea/public_html/wp-content/plugins/supreme-modules-pro-for-divi/includes/modules/StarRating/StarRating.php on line 402
[08-Apr-2026 07:55:07 UTC] PHP Deprecated:  Using ${var} in strings is deprecated, use {$var} instead in /home/977018.cloudwaysapps.com/eexddamdea/public_html/wp-content/plugins/supreme-modules-pro-for-divi/includes/modules/StarRating/StarRating.php on line 413
[08-Apr-2026 07:55:07 UTC] PHP Deprecated:  Using ${var} in strings is deprecated, use {$var} instead in /home/977018.cloudwaysapps.com/eexddamdea/public_html/wp-content/plugins/supreme-modules-pro-for-divi/includes/modules/StarRating/StarRating.php on line 413
[08-Apr-2026 07:55:07 UTC] PHP Deprecated:  Creation of dynamic property DSM_Star_Rating::$icon_path is deprecated in /home/977018.cloudwaysapps.com/eexddamdea/public_html/wp-content/themes/Divi/includes/builder/class-et-builder-element.php on line 1425
[08-Apr-2026 07:55:07 UTC] PHP Deprecated:  Creation of dynamic property DSM_Text_Divider::$icon_path is deprecated in /home/977018.cloudwaysapps.com/eexddamdea/public_html/wp-content/themes/Divi/includes/builder/class-et-builder-element.php on line 1425
[08-Apr-2026 07:55:07 UTC] PHP Deprecated:  Creation of dynamic property DSM_TextNotation::$icon_path is deprecated in /home/977018.cloudwaysapps.com/eexddamdea/public_html/wp-content/themes/Divi/includes/builder/class-et-builder-element.php on line 1425
[08-Apr-2026 07:55:07 UTC] PHP Deprecated:  Creation of dynamic property DSM_TextRotator::$icon_path is deprecated in /home/977018.cloudwaysapps.com/eexddamdea/public_html/wp-content/themes/Divi/includes/builder/class-et-builder-element.php on line 1425
[08-Apr-2026 07:55:07 UTC] PHP Deprecated:  Creation of dynamic property DSM_Tilt_Image::$icon_path is deprecated in /home/977018.cloudwaysapps.com/eexddamdea/public_html/wp-content/themes/Divi/includes/builder/class-et-builder-element.php on line 1425
[08-Apr-2026 07:55:07 UTC] PHP Deprecated:  Creation of dynamic property DSM_TypingEffect::$icon_path is deprecated in /home/977018.cloudwaysapps.com/eexddamdea/public_html/wp-content/themes/Divi/includes/builder/class-et-builder-element.php on line 1425
[08-Apr-2026 07:55:08 UTC] PHP Notice:  Function _load_textdomain_just_in_time was called <strong>incorrectly</strong>. Translation loading for the <code>acf</code> domain was triggered too early. This is usually an indicator for some code in the plugin or theme running too early. Translations should be loaded at the <code>init</code> action or later. Please see <a href="https://developer.wordpress.org/advanced-administration/debug/debug-wordpress/">Debugging in WordPress</a> for more information. (This message was added in version 6.7.0.) in /home/977018.cloudwaysapps.com/eexddamdea/public_html/wp-includes/functions.php on line 6131
[08-Apr-2026 07:55:08 UTC] PHP Deprecated:  Creation of dynamic property Dsm_Supreme_Modules_Pro_For_Divi::$settings_api is deprecated in /home/977018.cloudwaysapps.com/eexddamdea/public_html/wp-content/plugins/supreme-modules-pro-for-divi/includes/class-dsm-supreme-modules-pro-for-divi.php on line 184
[08-Apr-2026 07:55:11 UTC] PHP Notice:  Function _load_textdomain_just_in_time was called <strong>incorrectly</strong>. Translation loading for the <code>acf</code> domain was triggered too early. This is usually an indicator for some code in the plugin or theme running too early. Translations should be loaded at the <code>init</code> action or later. Please see <a href="https://developer.wordpress.org/advanced-administration/debug/debug-wordpress/">Debugging in WordPress</a> for more information. (This message was added in version 6.7.0.) in /home/977018.cloudwaysapps.com/eexddamdea/public_html/wp-includes/functions.php on line 6131
[08-Apr-2026 07:55:11 UTC] PHP Deprecated:  Creation of dynamic property Dsm_Supreme_Modules_Pro_For_Divi::$settings_api is deprecated in /home/977018.cloudwaysapps.com/eexddamdea/public_html/wp-content/plugins/supreme-modules-pro-for-divi/includes/class-dsm-supreme-modules-pro-for-divi.php on line 184
[08-Apr-2026 07:55:22 UTC] PHP Notice:  Function _load_textdomain_just_in_time was called <strong>incorrectly</strong>. Translation loading for the <code>acf</code> domain was triggered too early. This is usually an indicator for some code in the plugin or theme running too early. Translations should be loaded at the <code>init</code> action or later. Please see <a href="https://developer.wordpress.org/advanced-administration/debug/debug-wordpress/">Debugging in WordPress</a> for more information. (This message was added in version 6.7.0.) in /home/977018.cloudwaysapps.com/eexddamdea/public_html/wp-includes/functions.php on line 6131
[08-Apr-2026 07:55:22 UTC] PHP Deprecated:  Creation of dynamic property Dsm_Supreme_Modules_Pro_For_Divi::$settings_api is deprecated in /home/977018.cloudwaysapps.com/eexddamdea/public_html/wp-content/plugins/supreme-modules-pro-for-divi/includes/class-dsm-supreme-modules-pro-for-divi.php on line 184
[08-Apr-2026 07:55:24 UTC] PHP Notice:  Function _load_textdomain_just_in_time was called <strong>incorrectly</strong>. Translation loading for the <code>acf</code> domain was triggered too early. This is usually an indicator for some code in the plugin or theme running too early. Translations should be loaded at the <code>init</code> action or later. Please see <a href="https://developer.wordpress.org/advanced-administration/debug/debug-wordpress/">Debugging in WordPress</a> for more information. (This message was added in version 6.7.0.) in /home/977018.cloudwaysapps.com/eexddamdea/public_html/wp-includes/functions.php on line 6131
[08-Apr-2026 07:55:24 UTC] PHP Deprecated:  Creation of dynamic property Dsm_Supreme_Modules_Pro_For_Divi::$settings_api is deprecated in /home/977018.cloudwaysapps.com/eexddamdea/public_html/wp-content/plugins/supreme-modules-pro-for-divi/includes/class-dsm-supreme-modules-pro-for-divi.php on line 184
[08-Apr-2026 07:55:26 UTC] PHP Notice:  Function _load_textdomain_just_in_time was called <strong>incorrectly</strong>. Translation loading for the <code>acf</code> domain was triggered too early. This is usually an indicator for some code in the plugin or theme running too early. Translations should be loaded at the <code>init</code> action or later. Please see <a href="https://developer.wordpress.org/advanced-administration/debug/debug-wordpress/">Debugging in WordPress</a> for more information. (This message was added in version 6.7.0.) in /home/977018.cloudwaysapps.com/eexddamdea/public_html/wp-includes/functions.php on line 6131
[08-Apr-2026 07:55:26 UTC] PHP Deprecated:  Creation of dynamic property Dsm_Supreme_Modules_Pro_For_Divi::$settings_api is deprecated in /home/977018.cloudwaysapps.com/eexddamdea/public_html/wp-content/plugins/supreme-modules-pro-for-divi/includes/class-dsm-supreme-modules-pro-for-divi.php on line 184
[08-Apr-2026 07:55:28 UTC] PHP Notice:  Function _load_textdomain_just_in_time was called <strong>incorrectly</strong>. Translation loading for the <code>acf</code> domain was triggered too early. This is usually an indicator for some code in the plugin or theme running too early. Translations should be loaded at the <code>init</code> action or later. Please see <a href="https://developer.wordpress.org/advanced-administration/debug/debug-wordpress/">Debugging in WordPress</a> for more information. (This message was added in version 6.7.0.) in /home/977018.cloudwaysapps.com/eexddamdea/public_html/wp-includes/functions.php on line 6131
[08-Apr-2026 07:55:29 UTC] PHP Deprecated:  Creation of dynamic property Dsm_Supreme_Modules_Pro_For_Divi::$settings_api is deprecated in /home/977018.cloudwaysapps.com/eexddamdea/public_html/wp-content/plugins/supreme-modules-pro-for-divi/includes/class-dsm-supreme-modules-pro-for-divi.php on line 184
[08-Apr-2026 07:55:49 UTC] PHP Notice:  Function _load_textdomain_just_in_time was called <strong>incorrectly</strong>. Translation loading for the <code>acf</code> domain was triggered too early. This is usually an indicator for some code in the plugin or theme running too early. Translations should be loaded at the <code>init</code> action or later. Please see <a href="https://developer.wordpress.org/advanced-administration/debug/debug-wordpress/">Debugging in WordPress</a> for more information. (This message was added in version 6.7.0.) in /home/977018.cloudwaysapps.com/eexddamdea/public_html/wp-includes/functions.php on line 6131
[08-Apr-2026 07:55:50 UTC] PHP Deprecated:  Creation of dynamic property Dsm_Supreme_Modules_Pro_For_Divi::$settings_api is deprecated in /home/977018.cloudwaysapps.com/eexddamdea/public_html/wp-content/plugins/supreme-modules-pro-for-divi/includes/class-dsm-supreme-modules-pro-for-divi.php on line 184
[08-Apr-2026 07:55:52 UTC] PHP Notice:  Function _load_textdomain_just_in_time was called <strong>incorrectly</strong>. Translation loading for the <code>acf</code> domain was triggered too early. This is usually an indicator for some code in the plugin or theme running too early. Translations should be loaded at the <code>init</code> action or later. Please see <a href="https://developer.wordpress.org/advanced-administration/debug/debug-wordpress/">Debugging in WordPress</a> for more information. (This message was added in version 6.7.0.) in /home/977018.cloudwaysapps.com/eexddamdea/public_html/wp-includes/functions.php on line 6131
[08-Apr-2026 07:55:52 UTC] PHP Deprecated:  Creation of dynamic property Dsm_Supreme_Modules_Pro_For_Divi::$settings_api is deprecated in /home/977018.cloudwaysapps.com/eexddamdea/public_html/wp-content/plugins/supreme-modules-pro-for-divi/includes/class-dsm-supreme-modules-pro-for-divi.php on line 184
[08-Apr-2026 07:56:04 UTC] PHP Notice:  Function _load_textdomain_just_in_time was called <strong>incorrectly</strong>. Translation loading for the <code>acf</code> domain was triggered too early. This is usually an indicator for some code in the plugin or theme running too early. Translations should be loaded at the <code>init</code> action or later. Please see <a href="https://developer.wordpress.org/advanced-administration/debug/debug-wordpress/">Debugging in WordPress</a> for more information. (This message was added in version 6.7.0.) in /home/977018.cloudwaysapps.com/eexddamdea/public_html/wp-includes/functions.php on line 6131
[08-Apr-2026 07:56:04 UTC] PHP Deprecated:  Creation of dynamic property Dsm_Supreme_Modules_Pro_For_Divi::$settings_api is deprecated in /home/977018.cloudwaysapps.com/eexddamdea/public_html/wp-content/plugins/supreme-modules-pro-for-divi/includes/class-dsm-supreme-modules-pro-for-divi.php on line 184
[08-Apr-2026 07:56:06 UTC] PHP Deprecated:  Creation of dynamic property DSM_AnimatedGradientText::$icon_path is deprecated in /home/977018.cloudwaysapps.com/eexddamdea/public_html/wp-content/themes/Divi/includes/builder/class-et-builder-element.php on line 1425
[08-Apr-2026 07:56:06 UTC] PHP Deprecated:  Creation of dynamic property DSM_Text_Badges::$icon_path is deprecated in /home/977018.cloudwaysapps.com/eexddamdea/public_html/wp-content/themes/Divi/includes/builder/class-et-builder-element.php on line 1425
[08-Apr-2026 07:56:06 UTC] PHP Deprecated:  Creation of dynamic property DSM_Before_After_Image::$icon_path is deprecated in /home/977018.cloudwaysapps.com/eexddamdea/public_html/wp-content/themes/Divi/includes/builder/class-et-builder-element.php on line 1425
[08-Apr-2026 07:56:06 UTC] PHP Deprecated:  Automatic conversion of false to array is deprecated in /home/977018.cloudwaysapps.com/eexddamdea/public_html/wp-content/plugins/supreme-modules-pro-for-divi/includes/modules/BlobImage/BlobImage.php on line 450
[08-Apr-2026 07:56:06 UTC] PHP Deprecated:  Creation of dynamic property DSM_Block_Reveal_Image::$icon_path is deprecated in /home/977018.cloudwaysapps.com/eexddamdea/public_html/wp-content/themes/Divi/includes/builder/class-et-builder-element.php on line 1425
[08-Apr-2026 07:56:06 UTC] PHP Deprecated:  Creation of dynamic property DSM_BlockRevealText::$icon_path is deprecated in /home/977018.cloudwaysapps.com/eexddamdea/public_html/wp-content/themes/Divi/includes/builder/class-et-builder-element.php on line 1425
[08-Apr-2026 07:56:06 UTC] PHP Deprecated:  Using ${var} in strings is deprecated, use {$var} instead in /home/977018.cloudwaysapps.com/eexddamdea/public_html/wp-content/plugins/supreme-modules-pro-for-divi/includes/modules/BlogCarousel/BlogCarousel.php on line 1622
[08-Apr-2026 07:56:06 UTC] PHP Deprecated:  Creation of dynamic property DSM_BlogCarousel::$icon_path is deprecated in /home/977018.cloudwaysapps.com/eexddamdea/public_html/wp-content/themes/Divi/includes/builder/class-et-builder-element.php on line 1425
[08-Apr-2026 07:56:06 UTC] PHP Deprecated:  Automatic conversion of false to array is deprecated in /home/977018.cloudwaysapps.com/eexddamdea/public_html/wp-content/plugins/supreme-modules-pro-for-divi/includes/modules/BlogCarousel/BlogCarousel.php on line 107
[08-Apr-2026 07:56:06 UTC] PHP Deprecated:  Creation of dynamic property DSM_Breadcrumbs::$icon_path is deprecated in /home/977018.cloudwaysapps.com/eexddamdea/public_html/wp-content/themes/Divi/includes/builder/class-et-builder-element.php on line 1425
[08-Apr-2026 07:56:06 UTC] PHP Deprecated:  Automatic conversion of false to array is deprecated in /home/977018.cloudwaysapps.com/eexddamdea/public_html/wp-content/plugins/supreme-modules-pro-for-divi/includes/modules/Breadcrumbs/Breadcrumbs.php on line 112
[08-Apr-2026 07:56:06 UTC] PHP Deprecated:  Creation of dynamic property DSM_Business_Hours::$icon_path is deprecated in /home/977018.cloudwaysapps.com/eexddamdea/public_html/wp-content/themes/Divi/includes/builder/class-et-builder-element.php on line 1425
[08-Apr-2026 07:56:06 UTC] PHP Deprecated:  Creation of dynamic property DSM_Button::$icon_path is deprecated in /home/977018.cloudwaysapps.com/eexddamdea/public_html/wp-content/themes/Divi/includes/builder/class-et-builder-element.php on line 1425
[08-Apr-2026 07:56:06 UTC] PHP Deprecated:  Creation of dynamic property DSM_CalderaForms::$icon_path is deprecated in /home/977018.cloudwaysapps.com/eexddamdea/public_html/wp-content/themes/Divi/includes/builder/class-et-builder-element.php on line 1425
[08-Apr-2026 07:56:06 UTC] PHP Deprecated:  Using ${var} in strings is deprecated, use {$var} instead in /home/977018.cloudwaysapps.com/eexddamdea/public_html/wp-content/plugins/supreme-modules-pro-for-divi/includes/modules/Card/Card.php on line 1719
[08-Apr-2026 07:56:06 UTC] PHP Deprecated:  Creation of dynamic property DSM_Card::$icon_path is deprecated in /home/977018.cloudwaysapps.com/eexddamdea/public_html/wp-content/themes/Divi/includes/builder/class-et-builder-element.php on line 1425
[08-Apr-2026 07:56:06 UTC] PHP Deprecated:  Using ${var} in strings is deprecated, use {$var} instead in /home/977018.cloudwaysapps.com/eexddamdea/public_html/wp-content/plugins/supreme-modules-pro-for-divi/includes/modules/CardCarousel/CardCarousel.php on line 1825
[08-Apr-2026 07:56:06 UTC] PHP Deprecated:  Creation of dynamic property DSM_CardCarousel::$icon_path is deprecated in /home/977018.cloudwaysapps.com/eexddamdea/public_html/wp-content/themes/Divi/includes/builder/class-et-builder-element.php on line 1425
[08-Apr-2026 07:56:06 UTC] PHP Deprecated:  Using ${var} in strings is deprecated, use {$var} instead in /home/977018.cloudwaysapps.com/eexddamdea/public_html/wp-content/plugins/supreme-modules-pro-for-divi/includes/modules/CardCarouselChild/CardCarouselChild.php on line 1446
[08-Apr-2026 07:56:06 UTC] PHP Deprecated:  Creation of dynamic property DSM_ContactForm7::$icon_path is deprecated in /home/977018.cloudwaysapps.com/eexddamdea/public_html/wp-content/themes/Divi/includes/builder/class-et-builder-element.php on line 1425
[08-Apr-2026 07:56:06 UTC] PHP Deprecated:  Creation of dynamic property DSM_Content_Toggle::$icon_path is deprecated in /home/977018.cloudwaysapps.com/eexddamdea/public_html/wp-content/themes/Divi/includes/builder/class-et-builder-element.php on line 1425
[08-Apr-2026 07:56:06 UTC] PHP Deprecated:  Automatic conversion of false to array is deprecated in /home/977018.cloudwaysapps.com/eexddamdea/public_html/wp-content/plugins/supreme-modules-pro-for-divi/includes/modules/ContentToggle/ContentToggle.php on line 48
[08-Apr-2026 07:56:06 UTC] PHP Deprecated:  Creation of dynamic property DSM_Dual_Heading::$icon_path is deprecated in /home/977018.cloudwaysapps.com/eexddamdea/public_html/wp-content/themes/Divi/includes/builder/class-et-builder-element.php on line 1425
[08-Apr-2026 07:56:06 UTC] PHP Deprecated:  Creation of dynamic property DSM_EmbedGoogleMap::$icon_path is deprecated in /home/977018.cloudwaysapps.com/eexddamdea/public_html/wp-content/themes/Divi/includes/builder/class-et-builder-element.php on line 1425
[08-Apr-2026 07:56:06 UTC] PHP Deprecated:  Creation of dynamic property DSM_TwitterEmbeddedTimeline::$icon_path is deprecated in /home/977018.cloudwaysapps.com/eexddamdea/public_html/wp-content/themes/Divi/includes/builder/class-et-builder-element.php on line 1425
[08-Apr-2026 07:56:06 UTC] PHP Deprecated:  Creation of dynamic property DSM_FacebookEmbed::$icon_path is deprecated in /home/977018.cloudwaysapps.com/eexddamdea/public_html/wp-content/themes/Divi/includes/builder/class-et-builder-element.php on line 1425
[08-Apr-2026 07:56:06 UTC] PHP Deprecated:  Creation of dynamic property DSM_FacebookLikeButton::$icon_path is deprecated in /home/977018.cloudwaysapps.com/eexddamdea/public_html/wp-content/themes/Divi/includes/builder/class-et-builder-element.php on line 1425
[08-Apr-2026 07:56:06 UTC] PHP Deprecated:  Creation of dynamic property DSM_FacebookSimpleComments::$icon_path is deprecated in /home/977018.cloudwaysapps.com/eexddamdea/public_html/wp-content/themes/Divi/includes/builder/class-et-builder-element.php on line 1425
[08-Apr-2026 07:56:06 UTC] PHP Deprecated:  Creation of dynamic property DSM_FacebookSimpleFeed::$icon_path is deprecated in /home/977018.cloudwaysapps.com/eexddamdea/public_html/wp-content/themes/Divi/includes/builder/class-et-builder-element.php on line 1425
[08-Apr-2026 07:56:06 UTC] PHP Deprecated:  Using ${var} in strings is deprecated, use {$var} instead in /home/977018.cloudwaysapps.com/eexddamdea/public_html/wp-content/plugins/supreme-modules-pro-for-divi/includes/modules/FlipBoxPerk/FlipBoxPerk.php on line 367
[08-Apr-2026 07:56:06 UTC] PHP Deprecated:  Using ${var} in strings is deprecated, use {$var} instead in /home/977018.cloudwaysapps.com/eexddamdea/public_html/wp-content/plugins/supreme-modules-pro-for-divi/includes/modules/FlipBoxPerk/FlipBoxPerk.php on line 371
[08-Apr-2026 07:56:06 UTC] PHP Deprecated:  Using ${var} in strings is deprecated, use {$var} instead in /home/977018.cloudwaysapps.com/eexddamdea/public_html/wp-content/plugins/supreme-modules-pro-for-divi/includes/modules/FlipBoxPerk/FlipBoxPerk.php on line 372
[08-Apr-2026 07:56:06 UTC] PHP Deprecated:  Using ${var} in strings is deprecated, use {$var} instead in /home/977018.cloudwaysapps.com/eexddamdea/public_html/wp-content/plugins/supreme-modules-pro-for-divi/includes/modules/FlipBoxPerk/FlipBoxPerk.php on line 374
[08-Apr-2026 07:56:06 UTC] PHP Deprecated:  Creation of dynamic property DSM_FlipBox_Perk::$icon_path is deprecated in /home/977018.cloudwaysapps.com/eexddamdea/public_html/wp-content/themes/Divi/includes/builder/class-et-builder-element.php on line 1425
[08-Apr-2026 07:56:06 UTC] PHP Deprecated:  Creation of dynamic property DSM_FlipBox_Perk_Child::$icon_element_selector is deprecated in /home/977018.cloudwaysapps.com/eexddamdea/public_html/wp-content/themes/Divi/includes/builder/class-et-builder-element.php on line 1425
[08-Apr-2026 07:56:06 UTC] PHP Deprecated:  Creation of dynamic property DSM_FlipBox_Perk_Child::$icon_element_classname is deprecated in /home/977018.cloudwaysapps.com/eexddamdea/public_html/wp-content/themes/Divi/includes/builder/class-et-builder-element.php on line 1425
[08-Apr-2026 07:56:06 UTC] PHP Deprecated:  Creation of dynamic property DSM_FloatingMultiImages::$icon_path is deprecated in /home/977018.cloudwaysapps.com/eexddamdea/public_html/wp-content/themes/Divi/includes/builder/class-et-builder-element.php on line 1425
[08-Apr-2026 07:56:06 UTC] PHP Deprecated:  Creation of dynamic property DSM_GlitchText::$icon_path is deprecated in /home/977018.cloudwaysapps.com/eexddamdea/public_html/wp-content/themes/Divi/includes/builder/class-et-builder-element.php on line 1425
[08-Apr-2026 07:56:06 UTC] PHP Deprecated:  Creation of dynamic property DSM_GradientText::$icon_path is deprecated in /home/977018.cloudwaysapps.com/eexddamdea/public_html/wp-content/themes/Divi/includes/builder/class-et-builder-element.php on line 1425
[08-Apr-2026 07:56:06 UTC] PHP Deprecated:  Creation of dynamic property DSM_Icon_Divider::$icon_path is deprecated in /home/977018.cloudwaysapps.com/eexddamdea/public_html/wp-content/themes/Divi/includes/builder/class-et-builder-element.php on line 1425
[08-Apr-2026 07:56:06 UTC] PHP Deprecated:  Creation of dynamic property DSM_Icon_Divider::$icon_element_selector is deprecated in /home/977018.cloudwaysapps.com/eexddamdea/public_html/wp-content/themes/Divi/includes/builder/class-et-builder-element.php on line 1425
[08-Apr-2026 07:56:06 UTC] PHP Deprecated:  Creation of dynamic property DSM_Icon_Divider::$icon_element_classname is deprecated in /home/977018.cloudwaysapps.com/eexddamdea/public_html/wp-content/themes/Divi/includes/builder/class-et-builder-element.php on line 1425
[08-Apr-2026 07:56:06 UTC] PHP Deprecated:  Creation of dynamic property DSM_Icon_List::$icon_path is deprecated in /home/977018.cloudwaysapps.com/eexddamdea/public_html/wp-content/themes/Divi/includes/builder/class-et-builder-element.php on line 1425
[08-Apr-2026 07:56:07 UTC] PHP Deprecated:  Creation of dynamic property DSM_Icon_List_Child::$icon_element_selector is deprecated in /home/977018.cloudwaysapps.com/eexddamdea/public_html/wp-content/themes/Divi/includes/builder/class-et-builder-element.php on line 1425
[08-Apr-2026 07:56:07 UTC] PHP Deprecated:  Creation of dynamic property DSM_Icon_List_Child::$icon_element_classname is deprecated in /home/977018.cloudwaysapps.com/eexddamdea/public_html/wp-content/themes/Divi/includes/builder/class-et-builder-element.php on line 1425
[08-Apr-2026 07:56:07 UTC] PHP Deprecated:  Creation of dynamic property DSM_ImageAccordion::$icon_path is deprecated in /home/977018.cloudwaysapps.com/eexddamdea/public_html/wp-content/themes/Divi/includes/builder/class-et-builder-element.php on line 1425
[08-Apr-2026 07:56:07 UTC] PHP Deprecated:  Automatic conversion of false to array is deprecated in /home/977018.cloudwaysapps.com/eexddamdea/public_html/wp-content/plugins/supreme-modules-pro-for-divi/includes/modules/ImageAccordion/ImageAccordion.php on line 193
[08-Apr-2026 07:56:07 UTC] PHP Deprecated:  Automatic conversion of false to array is deprecated in /home/977018.cloudwaysapps.com/eexddamdea/public_html/wp-content/plugins/supreme-modules-pro-for-divi/includes/modules/ImageAccordionChild/ImageAccordionChild.php on line 315
[08-Apr-2026 07:56:07 UTC] PHP Deprecated:  Creation of dynamic property DSM_ImageCarousel::$icon_path is deprecated in /home/977018.cloudwaysapps.com/eexddamdea/public_html/wp-content/themes/Divi/includes/builder/class-et-builder-element.php on line 1425
[08-Apr-2026 07:56:07 UTC] PHP Deprecated:  Creation of dynamic property DSM_Image_Hotspots::$icon_path is deprecated in /home/977018.cloudwaysapps.com/eexddamdea/public_html/wp-content/themes/Divi/includes/builder/class-et-builder-element.php on line 1425
[08-Apr-2026 07:56:07 UTC] PHP Deprecated:  Creation of dynamic property DSM_ImageHoverReveal::$icon_path is deprecated in /home/977018.cloudwaysapps.com/eexddamdea/public_html/wp-content/themes/Divi/includes/builder/class-et-builder-element.php on line 1425
[08-Apr-2026 07:56:07 UTC] PHP Deprecated:  Creation of dynamic property DSM_ImageReveal::$icon_path is deprecated in /home/977018.cloudwaysapps.com/eexddamdea/public_html/wp-content/themes/Divi/includes/builder/class-et-builder-element.php on line 1425
[08-Apr-2026 07:56:07 UTC] PHP Deprecated:  Creation of dynamic property DSM_Lottie::$icon_path is deprecated in /home/977018.cloudwaysapps.com/eexddamdea/public_html/wp-content/themes/Divi/includes/builder/class-et-builder-element.php on line 1425
[08-Apr-2026 07:56:07 UTC] PHP Deprecated:  Creation of dynamic property DSM_MaskText::$icon_path is deprecated in /home/977018.cloudwaysapps.com/eexddamdea/public_html/wp-content/themes/Divi/includes/builder/class-et-builder-element.php on line 1425
[08-Apr-2026 07:56:07 UTC] PHP Deprecated:  Creation of dynamic property DSM_MasonryGallery::$icon_path is deprecated in /home/977018.cloudwaysapps.com/eexddamdea/public_html/wp-content/themes/Divi/includes/builder/class-et-builder-element.php on line 1425
[08-Apr-2026 07:56:07 UTC] PHP Deprecated:  Automatic conversion of false to array is deprecated in /home/977018.cloudwaysapps.com/eexddamdea/public_html/wp-content/plugins/supreme-modules-pro-for-divi/includes/modules/MasonryGallery/MasonryGallery.php on line 87
[08-Apr-2026 07:56:07 UTC] PHP Deprecated:  Creation of dynamic property DSM_NavMenu::$icon_path is deprecated in /home/977018.cloudwaysapps.com/eexddamdea/public_html/wp-content/themes/Divi/includes/builder/class-et-builder-element.php on line 1425
[08-Apr-2026 07:56:07 UTC] PHP Deprecated:  Creation of dynamic property DSM_Perspective_Image::$icon_path is deprecated in /home/977018.cloudwaysapps.com/eexddamdea/public_html/wp-content/themes/Divi/includes/builder/class-et-builder-element.php on line 1425
[08-Apr-2026 07:56:07 UTC] PHP Deprecated:  Creation of dynamic property DSM_PostCarousel::$icon_path is deprecated in /home/977018.cloudwaysapps.com/eexddamdea/public_html/wp-content/themes/Divi/includes/builder/class-et-builder-element.php on line 1425
[08-Apr-2026 07:56:07 UTC] PHP Deprecated:  Automatic conversion of false to array is deprecated in /home/977018.cloudwaysapps.com/eexddamdea/public_html/wp-content/plugins/supreme-modules-pro-for-divi/includes/modules/PostCarousel/PostCarousel.php on line 106
[08-Apr-2026 07:56:07 UTC] PHP Deprecated:  Creation of dynamic property DSM_PriceList::$icon_path is deprecated in /home/977018.cloudwaysapps.com/eexddamdea/public_html/wp-content/themes/Divi/includes/builder/class-et-builder-element.php on line 1425
[08-Apr-2026 07:56:07 UTC] PHP Deprecated:  Creation of dynamic property DSM_Scroll_Image::$icon_path is deprecated in /home/977018.cloudwaysapps.com/eexddamdea/public_html/wp-content/themes/Divi/includes/builder/class-et-builder-element.php on line 1425
[08-Apr-2026 07:56:07 UTC] PHP Deprecated:  Creation of dynamic property DSM_Shapes::$icon_path is deprecated in /home/977018.cloudwaysapps.com/eexddamdea/public_html/wp-content/themes/Divi/includes/builder/class-et-builder-element.php on line 1425
[08-Apr-2026 07:56:07 UTC] PHP Deprecated:  Creation of dynamic property DSM_ShuffleLetters::$icon_path is deprecated in /home/977018.cloudwaysapps.com/eexddamdea/public_html/wp-content/themes/Divi/includes/builder/class-et-builder-element.php on line 1425
[08-Apr-2026 07:56:07 UTC] PHP Deprecated:  Using ${var} in strings is deprecated, use {$var} instead in /home/977018.cloudwaysapps.com/eexddamdea/public_html/wp-content/plugins/supreme-modules-pro-for-divi/includes/modules/StarRating/StarRating.php on line 402
[08-Apr-2026 07:56:07 UTC] PHP Deprecated:  Using ${var} in strings is deprecated, use {$var} instead in /home/977018.cloudwaysapps.com/eexddamdea/public_html/wp-content/plugins/supreme-modules-pro-for-divi/includes/modules/StarRating/StarRating.php on line 402
[08-Apr-2026 07:56:07 UTC] PHP Deprecated:  Using ${var} in strings is deprecated, use {$var} instead in /home/977018.cloudwaysapps.com/eexddamdea/public_html/wp-content/plugins/supreme-modules-pro-for-divi/includes/modules/StarRating/StarRating.php on line 413
[08-Apr-2026 07:56:07 UTC] PHP Deprecated:  Using ${var} in strings is deprecated, use {$var} instead in /home/977018.cloudwaysapps.com/eexddamdea/public_html/wp-content/plugins/supreme-modules-pro-for-divi/includes/modules/StarRating/StarRating.php on line 413
[08-Apr-2026 07:56:07 UTC] PHP Deprecated:  Creation of dynamic property DSM_Star_Rating::$icon_path is deprecated in /home/977018.cloudwaysapps.com/eexddamdea/public_html/wp-content/themes/Divi/includes/builder/class-et-builder-element.php on line 1425
[08-Apr-2026 07:56:07 UTC] PHP Deprecated:  Creation of dynamic property DSM_Text_Divider::$icon_path is deprecated in /home/977018.cloudwaysapps.com/eexddamdea/public_html/wp-content/themes/Divi/includes/builder/class-et-builder-element.php on line 1425
[08-Apr-2026 07:56:07 UTC] PHP Deprecated:  Creation of dynamic property DSM_TextNotation::$icon_path is deprecated in /home/977018.cloudwaysapps.com/eexddamdea/public_html/wp-content/themes/Divi/includes/builder/class-et-builder-element.php on line 1425
[08-Apr-2026 07:56:07 UTC] PHP Deprecated:  Creation of dynamic property DSM_TextRotator::$icon_path is deprecated in /home/977018.cloudwaysapps.com/eexddamdea/public_html/wp-content/themes/Divi/includes/builder/class-et-builder-element.php on line 1425
[08-Apr-2026 07:56:07 UTC] PHP Deprecated:  Creation of dynamic property DSM_Tilt_Image::$icon_path is deprecated in /home/977018.cloudwaysapps.com/eexddamdea/public_html/wp-content/themes/Divi/includes/builder/class-et-builder-element.php on line 1425
[08-Apr-2026 07:56:07 UTC] PHP Deprecated:  Creation of dynamic property DSM_TypingEffect::$icon_path is deprecated in /home/977018.cloudwaysapps.com/eexddamdea/public_html/wp-content/themes/Divi/includes/builder/class-et-builder-element.php on line 1425
[08-Apr-2026 07:56:08 UTC] PHP Notice:  Function _load_textdomain_just_in_time was called <strong>incorrectly</strong>. Translation loading for the <code>acf</code> domain was triggered too early. This is usually an indicator for some code in the plugin or theme running too early. Translations should be loaded at the <code>init</code> action or later. Please see <a href="https://developer.wordpress.org/advanced-administration/debug/debug-wordpress/">Debugging in WordPress</a> for more information. (This message was added in version 6.7.0.) in /home/977018.cloudwaysapps.com/eexddamdea/public_html/wp-includes/functions.php on line 6131
[08-Apr-2026 07:56:08 UTC] PHP Deprecated:  Creation of dynamic property Dsm_Supreme_Modules_Pro_For_Divi::$settings_api is deprecated in /home/977018.cloudwaysapps.com/eexddamdea/public_html/wp-content/plugins/supreme-modules-pro-for-divi/includes/class-dsm-supreme-modules-pro-for-divi.php on line 184
[08-Apr-2026 07:56:10 UTC] PHP Deprecated:  Creation of dynamic property DSM_AnimatedGradientText::$icon_path is deprecated in /home/977018.cloudwaysapps.com/eexddamdea/public_html/wp-content/themes/Divi/includes/builder/class-et-builder-element.php on line 1425
[08-Apr-2026 07:56:10 UTC] PHP Deprecated:  Creation of dynamic property DSM_Text_Badges::$icon_path is deprecated in /home/977018.cloudwaysapps.com/eexddamdea/public_html/wp-content/themes/Divi/includes/builder/class-et-builder-element.php on line 1425
[08-Apr-2026 07:56:10 UTC] PHP Deprecated:  Creation of dynamic property DSM_Before_After_Image::$icon_path is deprecated in /home/977018.cloudwaysapps.com/eexddamdea/public_html/wp-content/themes/Divi/includes/builder/class-et-builder-element.php on line 1425
[08-Apr-2026 07:56:10 UTC] PHP Deprecated:  Automatic conversion of false to array is deprecated in /home/977018.cloudwaysapps.com/eexddamdea/public_html/wp-content/plugins/supreme-modules-pro-for-divi/includes/modules/BlobImage/BlobImage.php on line 450
[08-Apr-2026 07:56:10 UTC] PHP Deprecated:  Creation of dynamic property DSM_Block_Reveal_Image::$icon_path is deprecated in /home/977018.cloudwaysapps.com/eexddamdea/public_html/wp-content/themes/Divi/includes/builder/class-et-builder-element.php on line 1425
[08-Apr-2026 07:56:10 UTC] PHP Deprecated:  Creation of dynamic property DSM_BlockRevealText::$icon_path is deprecated in /home/977018.cloudwaysapps.com/eexddamdea/public_html/wp-content/themes/Divi/includes/builder/class-et-builder-element.php on line 1425
[08-Apr-2026 07:56:10 UTC] PHP Deprecated:  Using ${var} in strings is deprecated, use {$var} instead in /home/977018.cloudwaysapps.com/eexddamdea/public_html/wp-content/plugins/supreme-modules-pro-for-divi/includes/modules/BlogCarousel/BlogCarousel.php on line 1622
[08-Apr-2026 07:56:10 UTC] PHP Deprecated:  Creation of dynamic property DSM_BlogCarousel::$icon_path is deprecated in /home/977018.cloudwaysapps.com/eexddamdea/public_html/wp-content/themes/Divi/includes/builder/class-et-builder-element.php on line 1425
[08-Apr-2026 07:56:10 UTC] PHP Deprecated:  Automatic conversion of false to array is deprecated in /home/977018.cloudwaysapps.com/eexddamdea/public_html/wp-content/plugins/supreme-modules-pro-for-divi/includes/modules/BlogCarousel/BlogCarousel.php on line 107
[08-Apr-2026 07:56:10 UTC] PHP Deprecated:  Creation of dynamic property DSM_Breadcrumbs::$icon_path is deprecated in /home/977018.cloudwaysapps.com/eexddamdea/public_html/wp-content/themes/Divi/includes/builder/class-et-builder-element.php on line 1425
[08-Apr-2026 07:56:10 UTC] PHP Deprecated:  Automatic conversion of false to array is deprecated in /home/977018.cloudwaysapps.com/eexddamdea/public_html/wp-content/plugins/supreme-modules-pro-for-divi/includes/modules/Breadcrumbs/Breadcrumbs.php on line 112
[08-Apr-2026 07:56:10 UTC] PHP Deprecated:  Creation of dynamic property DSM_Business_Hours::$icon_path is deprecated in /home/977018.cloudwaysapps.com/eexddamdea/public_html/wp-content/themes/Divi/includes/builder/class-et-builder-element.php on line 1425
[08-Apr-2026 07:56:10 UTC] PHP Deprecated:  Creation of dynamic property DSM_Button::$icon_path is deprecated in /home/977018.cloudwaysapps.com/eexddamdea/public_html/wp-content/themes/Divi/includes/builder/class-et-builder-element.php on line 1425
[08-Apr-2026 07:56:10 UTC] PHP Deprecated:  Creation of dynamic property DSM_CalderaForms::$icon_path is deprecated in /home/977018.cloudwaysapps.com/eexddamdea/public_html/wp-content/themes/Divi/includes/builder/class-et-builder-element.php on line 1425
[08-Apr-2026 07:56:10 UTC] PHP Deprecated:  Using ${var} in strings is deprecated, use {$var} instead in /home/977018.cloudwaysapps.com/eexddamdea/public_html/wp-content/plugins/supreme-modules-pro-for-divi/includes/modules/Card/Card.php on line 1719
[08-Apr-2026 07:56:10 UTC] PHP Deprecated:  Creation of dynamic property DSM_Card::$icon_path is deprecated in /home/977018.cloudwaysapps.com/eexddamdea/public_html/wp-content/themes/Divi/includes/builder/class-et-builder-element.php on line 1425
[08-Apr-2026 07:56:10 UTC] PHP Deprecated:  Using ${var} in strings is deprecated, use {$var} instead in /home/977018.cloudwaysapps.com/eexddamdea/public_html/wp-content/plugins/supreme-modules-pro-for-divi/includes/modules/CardCarousel/CardCarousel.php on line 1825
[08-Apr-2026 07:56:10 UTC] PHP Deprecated:  Creation of dynamic property DSM_CardCarousel::$icon_path is deprecated in /home/977018.cloudwaysapps.com/eexddamdea/public_html/wp-content/themes/Divi/includes/builder/class-et-builder-element.php on line 1425
[08-Apr-2026 07:56:10 UTC] PHP Deprecated:  Using ${var} in strings is deprecated, use {$var} instead in /home/977018.cloudwaysapps.com/eexddamdea/public_html/wp-content/plugins/supreme-modules-pro-for-divi/includes/modules/CardCarouselChild/CardCarouselChild.php on line 1446
[08-Apr-2026 07:56:10 UTC] PHP Deprecated:  Creation of dynamic property DSM_ContactForm7::$icon_path is deprecated in /home/977018.cloudwaysapps.com/eexddamdea/public_html/wp-content/themes/Divi/includes/builder/class-et-builder-element.php on line 1425
[08-Apr-2026 07:56:10 UTC] PHP Deprecated:  Creation of dynamic property DSM_Content_Toggle::$icon_path is deprecated in /home/977018.cloudwaysapps.com/eexddamdea/public_html/wp-content/themes/Divi/includes/builder/class-et-builder-element.php on line 1425
[08-Apr-2026 07:56:10 UTC] PHP Deprecated:  Automatic conversion of false to array is deprecated in /home/977018.cloudwaysapps.com/eexddamdea/public_html/wp-content/plugins/supreme-modules-pro-for-divi/includes/modules/ContentToggle/ContentToggle.php on line 48
[08-Apr-2026 07:56:10 UTC] PHP Deprecated:  Creation of dynamic property DSM_Dual_Heading::$icon_path is deprecated in /home/977018.cloudwaysapps.com/eexddamdea/public_html/wp-content/themes/Divi/includes/builder/class-et-builder-element.php on line 1425
[08-Apr-2026 07:56:10 UTC] PHP Deprecated:  Creation of dynamic property DSM_EmbedGoogleMap::$icon_path is deprecated in /home/977018.cloudwaysapps.com/eexddamdea/public_html/wp-content/themes/Divi/includes/builder/class-et-builder-element.php on line 1425
[08-Apr-2026 07:56:10 UTC] PHP Deprecated:  Creation of dynamic property DSM_TwitterEmbeddedTimeline::$icon_path is deprecated in /home/977018.cloudwaysapps.com/eexddamdea/public_html/wp-content/themes/Divi/includes/builder/class-et-builder-element.php on line 1425
[08-Apr-2026 07:56:10 UTC] PHP Deprecated:  Creation of dynamic property DSM_FacebookEmbed::$icon_path is deprecated in /home/977018.cloudwaysapps.com/eexddamdea/public_html/wp-content/themes/Divi/includes/builder/class-et-builder-element.php on line 1425
[08-Apr-2026 07:56:10 UTC] PHP Deprecated:  Creation of dynamic property DSM_FacebookLikeButton::$icon_path is deprecated in /home/977018.cloudwaysapps.com/eexddamdea/public_html/wp-content/themes/Divi/includes/builder/class-et-builder-element.php on line 1425
[08-Apr-2026 07:56:10 UTC] PHP Deprecated:  Creation of dynamic property DSM_FacebookSimpleComments::$icon_path is deprecated in /home/977018.cloudwaysapps.com/eexddamdea/public_html/wp-content/themes/Divi/includes/builder/class-et-builder-element.php on line 1425
[08-Apr-2026 07:56:10 UTC] PHP Deprecated:  Creation of dynamic property DSM_FacebookSimpleFeed::$icon_path is deprecated in /home/977018.cloudwaysapps.com/eexddamdea/public_html/wp-content/themes/Divi/includes/builder/class-et-builder-element.php on line 1425
[08-Apr-2026 07:56:10 UTC] PHP Deprecated:  Using ${var} in strings is deprecated, use {$var} instead in /home/977018.cloudwaysapps.com/eexddamdea/public_html/wp-content/plugins/supreme-modules-pro-for-divi/includes/modules/FlipBoxPerk/FlipBoxPerk.php on line 367
[08-Apr-2026 07:56:10 UTC] PHP Deprecated:  Using ${var} in strings is deprecated, use {$var} instead in /home/977018.cloudwaysapps.com/eexddamdea/public_html/wp-content/plugins/supreme-modules-pro-for-divi/includes/modules/FlipBoxPerk/FlipBoxPerk.php on line 371
[08-Apr-2026 07:56:10 UTC] PHP Deprecated:  Using ${var} in strings is deprecated, use {$var} instead in /home/977018.cloudwaysapps.com/eexddamdea/public_html/wp-content/plugins/supreme-modules-pro-for-divi/includes/modules/FlipBoxPerk/FlipBoxPerk.php on line 372
[08-Apr-2026 07:56:10 UTC] PHP Deprecated:  Using ${var} in strings is deprecated, use {$var} instead in /home/977018.cloudwaysapps.com/eexddamdea/public_html/wp-content/plugins/supreme-modules-pro-for-divi/includes/modules/FlipBoxPerk/FlipBoxPerk.php on line 374
[08-Apr-2026 07:56:10 UTC] PHP Deprecated:  Creation of dynamic property DSM_FlipBox_Perk::$icon_path is deprecated in /home/977018.cloudwaysapps.com/eexddamdea/public_html/wp-content/themes/Divi/includes/builder/class-et-builder-element.php on line 1425
[08-Apr-2026 07:56:10 UTC] PHP Deprecated:  Creation of dynamic property DSM_FlipBox_Perk_Child::$icon_element_selector is deprecated in /home/977018.cloudwaysapps.com/eexddamdea/public_html/wp-content/themes/Divi/includes/builder/class-et-builder-element.php on line 1425
[08-Apr-2026 07:56:10 UTC] PHP Deprecated:  Creation of dynamic property DSM_FlipBox_Perk_Child::$icon_element_classname is deprecated in /home/977018.cloudwaysapps.com/eexddamdea/public_html/wp-content/themes/Divi/includes/builder/class-et-builder-element.php on line 1425
[08-Apr-2026 07:56:10 UTC] PHP Deprecated:  Creation of dynamic property DSM_FloatingMultiImages::$icon_path is deprecated in /home/977018.cloudwaysapps.com/eexddamdea/public_html/wp-content/themes/Divi/includes/builder/class-et-builder-element.php on line 1425
[08-Apr-2026 07:56:10 UTC] PHP Deprecated:  Creation of dynamic property DSM_GlitchText::$icon_path is deprecated in /home/977018.cloudwaysapps.com/eexddamdea/public_html/wp-content/themes/Divi/includes/builder/class-et-builder-element.php on line 1425
[08-Apr-2026 07:56:10 UTC] PHP Deprecated:  Creation of dynamic property DSM_GradientText::$icon_path is deprecated in /home/977018.cloudwaysapps.com/eexddamdea/public_html/wp-content/themes/Divi/includes/builder/class-et-builder-element.php on line 1425
[08-Apr-2026 07:56:10 UTC] PHP Deprecated:  Creation of dynamic property DSM_Icon_Divider::$icon_path is deprecated in /home/977018.cloudwaysapps.com/eexddamdea/public_html/wp-content/themes/Divi/includes/builder/class-et-builder-element.php on line 1425
[08-Apr-2026 07:56:10 UTC] PHP Deprecated:  Creation of dynamic property DSM_Icon_Divider::$icon_element_selector is deprecated in /home/977018.cloudwaysapps.com/eexddamdea/public_html/wp-content/themes/Divi/includes/builder/class-et-builder-element.php on line 1425
[08-Apr-2026 07:56:10 UTC] PHP Deprecated:  Creation of dynamic property DSM_Icon_Divider::$icon_element_classname is deprecated in /home/977018.cloudwaysapps.com/eexddamdea/public_html/wp-content/themes/Divi/includes/builder/class-et-builder-element.php on line 1425
[08-Apr-2026 07:56:10 UTC] PHP Deprecated:  Creation of dynamic property DSM_Icon_List::$icon_path is deprecated in /home/977018.cloudwaysapps.com/eexddamdea/public_html/wp-content/themes/Divi/includes/builder/class-et-builder-element.php on line 1425
[08-Apr-2026 07:56:10 UTC] PHP Deprecated:  Creation of dynamic property DSM_Icon_List_Child::$icon_element_selector is deprecated in /home/977018.cloudwaysapps.com/eexddamdea/public_html/wp-content/themes/Divi/includes/builder/class-et-builder-element.php on line 1425
[08-Apr-2026 07:56:10 UTC] PHP Deprecated:  Creation of dynamic property DSM_Icon_List_Child::$icon_element_classname is deprecated in /home/977018.cloudwaysapps.com/eexddamdea/public_html/wp-content/themes/Divi/includes/builder/class-et-builder-element.php on line 1425
[08-Apr-2026 07:56:10 UTC] PHP Deprecated:  Creation of dynamic property DSM_ImageAccordion::$icon_path is deprecated in /home/977018.cloudwaysapps.com/eexddamdea/public_html/wp-content/themes/Divi/includes/builder/class-et-builder-element.php on line 1425
[08-Apr-2026 07:56:10 UTC] PHP Deprecated:  Automatic conversion of false to array is deprecated in /home/977018.cloudwaysapps.com/eexddamdea/public_html/wp-content/plugins/supreme-modules-pro-for-divi/includes/modules/ImageAccordion/ImageAccordion.php on line 193
[08-Apr-2026 07:56:10 UTC] PHP Deprecated:  Automatic conversion of false to array is deprecated in /home/977018.cloudwaysapps.com/eexddamdea/public_html/wp-content/plugins/supreme-modules-pro-for-divi/includes/modules/ImageAccordionChild/ImageAccordionChild.php on line 315
[08-Apr-2026 07:56:10 UTC] PHP Deprecated:  Creation of dynamic property DSM_ImageCarousel::$icon_path is deprecated in /home/977018.cloudwaysapps.com/eexddamdea/public_html/wp-content/themes/Divi/includes/builder/class-et-builder-element.php on line 1425
[08-Apr-2026 07:56:10 UTC] PHP Deprecated:  Creation of dynamic property DSM_Image_Hotspots::$icon_path is deprecated in /home/977018.cloudwaysapps.com/eexddamdea/public_html/wp-content/themes/Divi/includes/builder/class-et-builder-element.php on line 1425
[08-Apr-2026 07:56:10 UTC] PHP Deprecated:  Creation of dynamic property DSM_ImageHoverReveal::$icon_path is deprecated in /home/977018.cloudwaysapps.com/eexddamdea/public_html/wp-content/themes/Divi/includes/builder/class-et-builder-element.php on line 1425
[08-Apr-2026 07:56:10 UTC] PHP Deprecated:  Creation of dynamic property DSM_ImageReveal::$icon_path is deprecated in /home/977018.cloudwaysapps.com/eexddamdea/public_html/wp-content/themes/Divi/includes/builder/class-et-builder-element.php on line 1425
[08-Apr-2026 07:56:10 UTC] PHP Deprecated:  Creation of dynamic property DSM_Lottie::$icon_path is deprecated in /home/977018.cloudwaysapps.com/eexddamdea/public_html/wp-content/themes/Divi/includes/builder/class-et-builder-element.php on line 1425
[08-Apr-2026 07:56:10 UTC] PHP Deprecated:  Creation of dynamic property DSM_MaskText::$icon_path is deprecated in /home/977018.cloudwaysapps.com/eexddamdea/public_html/wp-content/themes/Divi/includes/builder/class-et-builder-element.php on line 1425
[08-Apr-2026 07:56:10 UTC] PHP Deprecated:  Creation of dynamic property DSM_MasonryGallery::$icon_path is deprecated in /home/977018.cloudwaysapps.com/eexddamdea/public_html/wp-content/themes/Divi/includes/builder/class-et-builder-element.php on line 1425
[08-Apr-2026 07:56:10 UTC] PHP Deprecated:  Automatic conversion of false to array is deprecated in /home/977018.cloudwaysapps.com/eexddamdea/public_html/wp-content/plugins/supreme-modules-pro-for-divi/includes/modules/MasonryGallery/MasonryGallery.php on line 87
[08-Apr-2026 07:56:10 UTC] PHP Deprecated:  Creation of dynamic property DSM_NavMenu::$icon_path is deprecated in /home/977018.cloudwaysapps.com/eexddamdea/public_html/wp-content/themes/Divi/includes/builder/class-et-builder-element.php on line 1425
[08-Apr-2026 07:56:10 UTC] PHP Deprecated:  Creation of dynamic property DSM_Perspective_Image::$icon_path is deprecated in /home/977018.cloudwaysapps.com/eexddamdea/public_html/wp-content/themes/Divi/includes/builder/class-et-builder-element.php on line 1425
[08-Apr-2026 07:56:10 UTC] PHP Deprecated:  Creation of dynamic property DSM_PostCarousel::$icon_path is deprecated in /home/977018.cloudwaysapps.com/eexddamdea/public_html/wp-content/themes/Divi/includes/builder/class-et-builder-element.php on line 1425
[08-Apr-2026 07:56:10 UTC] PHP Deprecated:  Automatic conversion of false to array is deprecated in /home/977018.cloudwaysapps.com/eexddamdea/public_html/wp-content/plugins/supreme-modules-pro-for-divi/includes/modules/PostCarousel/PostCarousel.php on line 106
[08-Apr-2026 07:56:10 UTC] PHP Deprecated:  Creation of dynamic property DSM_PriceList::$icon_path is deprecated in /home/977018.cloudwaysapps.com/eexddamdea/public_html/wp-content/themes/Divi/includes/builder/class-et-builder-element.php on line 1425
[08-Apr-2026 07:56:10 UTC] PHP Deprecated:  Creation of dynamic property DSM_Scroll_Image::$icon_path is deprecated in /home/977018.cloudwaysapps.com/eexddamdea/public_html/wp-content/themes/Divi/includes/builder/class-et-builder-element.php on line 1425
[08-Apr-2026 07:56:10 UTC] PHP Deprecated:  Creation of dynamic property DSM_Shapes::$icon_path is deprecated in /home/977018.cloudwaysapps.com/eexddamdea/public_html/wp-content/themes/Divi/includes/builder/class-et-builder-element.php on line 1425
[08-Apr-2026 07:56:10 UTC] PHP Deprecated:  Creation of dynamic property DSM_ShuffleLetters::$icon_path is deprecated in /home/977018.cloudwaysapps.com/eexddamdea/public_html/wp-content/themes/Divi/includes/builder/class-et-builder-element.php on line 1425
[08-Apr-2026 07:56:10 UTC] PHP Deprecated:  Using ${var} in strings is deprecated, use {$var} instead in /home/977018.cloudwaysapps.com/eexddamdea/public_html/wp-content/plugins/supreme-modules-pro-for-divi/includes/modules/StarRating/StarRating.php on line 402
[08-Apr-2026 07:56:10 UTC] PHP Deprecated:  Using ${var} in strings is deprecated, use {$var} instead in /home/977018.cloudwaysapps.com/eexddamdea/public_html/wp-content/plugins/supreme-modules-pro-for-divi/includes/modules/StarRating/StarRating.php on line 402
[08-Apr-2026 07:56:10 UTC] PHP Deprecated:  Using ${var} in strings is deprecated, use {$var} instead in /home/977018.cloudwaysapps.com/eexddamdea/public_html/wp-content/plugins/supreme-modules-pro-for-divi/includes/modules/StarRating/StarRating.php on line 413
[08-Apr-2026 07:56:10 UTC] PHP Deprecated:  Using ${var} in strings is deprecated, use {$var} instead in /home/977018.cloudwaysapps.com/eexddamdea/public_html/wp-content/plugins/supreme-modules-pro-for-divi/includes/modules/StarRating/StarRating.php on line 413
[08-Apr-2026 07:56:10 UTC] PHP Deprecated:  Creation of dynamic property DSM_Star_Rating::$icon_path is deprecated in /home/977018.cloudwaysapps.com/eexddamdea/public_html/wp-content/themes/Divi/includes/builder/class-et-builder-element.php on line 1425
[08-Apr-2026 07:56:10 UTC] PHP Deprecated:  Creation of dynamic property DSM_Text_Divider::$icon_path is deprecated in /home/977018.cloudwaysapps.com/eexddamdea/public_html/wp-content/themes/Divi/includes/builder/class-et-builder-element.php on line 1425
[08-Apr-2026 07:56:10 UTC] PHP Deprecated:  Creation of dynamic property DSM_TextNotation::$icon_path is deprecated in /home/977018.cloudwaysapps.com/eexddamdea/public_html/wp-content/themes/Divi/includes/builder/class-et-builder-element.php on line 1425
[08-Apr-2026 07:56:10 UTC] PHP Deprecated:  Creation of dynamic property DSM_TextRotator::$icon_path is deprecated in /home/977018.cloudwaysapps.com/eexddamdea/public_html/wp-content/themes/Divi/includes/builder/class-et-builder-element.php on line 1425
[08-Apr-2026 07:56:10 UTC] PHP Deprecated:  Creation of dynamic property DSM_Tilt_Image::$icon_path is deprecated in /home/977018.cloudwaysapps.com/eexddamdea/public_html/wp-content/themes/Divi/includes/builder/class-et-builder-element.php on line 1425
[08-Apr-2026 07:56:10 UTC] PHP Deprecated:  Creation of dynamic property DSM_TypingEffect::$icon_path is deprecated in /home/977018.cloudwaysapps.com/eexddamdea/public_html/wp-content/themes/Divi/includes/builder/class-et-builder-element.php on line 1425
[08-Apr-2026 07:56:11 UTC] PHP Deprecated:  ltrim(): Passing null to parameter #1 ($string) of type string is deprecated in /home/977018.cloudwaysapps.com/eexddamdea/public_html/wp-includes/formatting.php on line 4496
[08-Apr-2026 07:56:11 UTC] PHP Deprecated:  ltrim(): Passing null to parameter #1 ($string) of type string is deprecated in /home/977018.cloudwaysapps.com/eexddamdea/public_html/wp-includes/formatting.php on line 4496
[08-Apr-2026 07:56:11 UTC] PHP Deprecated:  ltrim(): Passing null to parameter #1 ($string) of type string is deprecated in /home/977018.cloudwaysapps.com/eexddamdea/public_html/wp-includes/formatting.php on line 4496
[08-Apr-2026 07:56:11 UTC] PHP Deprecated:  ltrim(): Passing null to parameter #1 ($string) of type string is deprecated in /home/977018.cloudwaysapps.com/eexddamdea/public_html/wp-includes/formatting.php on line 4496
[08-Apr-2026 07:56:11 UTC] PHP Deprecated:  ltrim(): Passing null to parameter #1 ($string) of type string is deprecated in /home/977018.cloudwaysapps.com/eexddamdea/public_html/wp-includes/formatting.php on line 4496
[08-Apr-2026 07:56:11 UTC] PHP Deprecated:  ltrim(): Passing null to parameter #1 ($string) of type string is deprecated in /home/977018.cloudwaysapps.com/eexddamdea/public_html/wp-includes/formatting.php on line 4496
[08-Apr-2026 07:56:13 UTC] PHP Notice:  Function _load_textdomain_just_in_time was called <strong>incorrectly</strong>. Translation loading for the <code>acf</code> domain was triggered too early. This is usually an indicator for some code in the plugin or theme running too early. Translations should be loaded at the <code>init</code> action or later. Please see <a href="https://developer.wordpress.org/advanced-administration/debug/debug-wordpress/">Debugging in WordPress</a> for more information. (This message was added in version 6.7.0.) in /home/977018.cloudwaysapps.com/eexddamdea/public_html/wp-includes/functions.php on line 6131
[08-Apr-2026 07:56:13 UTC] PHP Deprecated:  Creation of dynamic property Dsm_Supreme_Modules_Pro_For_Divi::$settings_api is deprecated in /home/977018.cloudwaysapps.com/eexddamdea/public_html/wp-content/plugins/supreme-modules-pro-for-divi/includes/class-dsm-supreme-modules-pro-for-divi.php on line 184
[08-Apr-2026 07:56:14 UTC] PHP Notice:  Function _load_textdomain_just_in_time was called <strong>incorrectly</strong>. Translation loading for the <code>acf</code> domain was triggered too early. This is usually an indicator for some code in the plugin or theme running too early. Translations should be loaded at the <code>init</code> action or later. Please see <a href="https://developer.wordpress.org/advanced-administration/debug/debug-wordpress/">Debugging in WordPress</a> for more information. (This message was added in version 6.7.0.) in /home/977018.cloudwaysapps.com/eexddamdea/public_html/wp-includes/functions.php on line 6131
[08-Apr-2026 07:56:14 UTC] PHP Deprecated:  Creation of dynamic property Dsm_Supreme_Modules_Pro_For_Divi::$settings_api is deprecated in /home/977018.cloudwaysapps.com/eexddamdea/public_html/wp-content/plugins/supreme-modules-pro-for-divi/includes/class-dsm-supreme-modules-pro-for-divi.php on line 184
[08-Apr-2026 07:56:15 UTC] PHP Notice:  Function _load_textdomain_just_in_time was called <strong>incorrectly</strong>. Translation loading for the <code>acf</code> domain was triggered too early. This is usually an indicator for some code in the plugin or theme running too early. Translations should be loaded at the <code>init</code> action or later. Please see <a href="https://developer.wordpress.org/advanced-administration/debug/debug-wordpress/">Debugging in WordPress</a> for more information. (This message was added in version 6.7.0.) in /home/977018.cloudwaysapps.com/eexddamdea/public_html/wp-includes/functions.php on line 6131
[08-Apr-2026 07:56:15 UTC] PHP Deprecated:  Creation of dynamic property Dsm_Supreme_Modules_Pro_For_Divi::$settings_api is deprecated in /home/977018.cloudwaysapps.com/eexddamdea/public_html/wp-content/plugins/supreme-modules-pro-for-divi/includes/class-dsm-supreme-modules-pro-for-divi.php on line 184
[08-Apr-2026 07:56:16 UTC] PHP Notice:  Function _load_textdomain_just_in_time was called <strong>incorrectly</strong>. Translation loading for the <code>acf</code> domain was triggered too early. This is usually an indicator for some code in the plugin or theme running too early. Translations should be loaded at the <code>init</code> action or later. Please see <a href="https://developer.wordpress.org/advanced-administration/debug/debug-wordpress/">Debugging in WordPress</a> for more information. (This message was added in version 6.7.0.) in /home/977018.cloudwaysapps.com/eexddamdea/public_html/wp-includes/functions.php on line 6131
[08-Apr-2026 07:56:16 UTC] PHP Deprecated:  Creation of dynamic property Dsm_Supreme_Modules_Pro_For_Divi::$settings_api is deprecated in /home/977018.cloudwaysapps.com/eexddamdea/public_html/wp-content/plugins/supreme-modules-pro-for-divi/includes/class-dsm-supreme-modules-pro-for-divi.php on line 184
[08-Apr-2026 07:56:16 UTC] PHP Deprecated:  Creation of dynamic property DSM_AnimatedGradientText::$icon_path is deprecated in /home/977018.cloudwaysapps.com/eexddamdea/public_html/wp-content/themes/Divi/includes/builder/class-et-builder-element.php on line 1425
[08-Apr-2026 07:56:16 UTC] PHP Deprecated:  Creation of dynamic property DSM_Text_Badges::$icon_path is deprecated in /home/977018.cloudwaysapps.com/eexddamdea/public_html/wp-content/themes/Divi/includes/builder/class-et-builder-element.php on line 1425
[08-Apr-2026 07:56:16 UTC] PHP Deprecated:  Creation of dynamic property DSM_Before_After_Image::$icon_path is deprecated in /home/977018.cloudwaysapps.com/eexddamdea/public_html/wp-content/themes/Divi/includes/builder/class-et-builder-element.php on line 1425
[08-Apr-2026 07:56:16 UTC] PHP Deprecated:  Automatic conversion of false to array is deprecated in /home/977018.cloudwaysapps.com/eexddamdea/public_html/wp-content/plugins/supreme-modules-pro-for-divi/includes/modules/BlobImage/BlobImage.php on line 450
[08-Apr-2026 07:56:16 UTC] PHP Deprecated:  Creation of dynamic property DSM_Block_Reveal_Image::$icon_path is deprecated in /home/977018.cloudwaysapps.com/eexddamdea/public_html/wp-content/themes/Divi/includes/builder/class-et-builder-element.php on line 1425
[08-Apr-2026 07:56:16 UTC] PHP Deprecated:  Creation of dynamic property DSM_BlockRevealText::$icon_path is deprecated in /home/977018.cloudwaysapps.com/eexddamdea/public_html/wp-content/themes/Divi/includes/builder/class-et-builder-element.php on line 1425
[08-Apr-2026 07:56:16 UTC] PHP Deprecated:  Using ${var} in strings is deprecated, use {$var} instead in /home/977018.cloudwaysapps.com/eexddamdea/public_html/wp-content/plugins/supreme-modules-pro-for-divi/includes/modules/BlogCarousel/BlogCarousel.php on line 1622
[08-Apr-2026 07:56:16 UTC] PHP Deprecated:  Creation of dynamic property DSM_BlogCarousel::$icon_path is deprecated in /home/977018.cloudwaysapps.com/eexddamdea/public_html/wp-content/themes/Divi/includes/builder/class-et-builder-element.php on line 1425
[08-Apr-2026 07:56:16 UTC] PHP Deprecated:  Automatic conversion of false to array is deprecated in /home/977018.cloudwaysapps.com/eexddamdea/public_html/wp-content/plugins/supreme-modules-pro-for-divi/includes/modules/BlogCarousel/BlogCarousel.php on line 107
[08-Apr-2026 07:56:16 UTC] PHP Deprecated:  Creation of dynamic property DSM_Breadcrumbs::$icon_path is deprecated in /home/977018.cloudwaysapps.com/eexddamdea/public_html/wp-content/themes/Divi/includes/builder/class-et-builder-element.php on line 1425
[08-Apr-2026 07:56:16 UTC] PHP Deprecated:  Automatic conversion of false to array is deprecated in /home/977018.cloudwaysapps.com/eexddamdea/public_html/wp-content/plugins/supreme-modules-pro-for-divi/includes/modules/Breadcrumbs/Breadcrumbs.php on line 112
[08-Apr-2026 07:56:16 UTC] PHP Deprecated:  Creation of dynamic property DSM_Business_Hours::$icon_path is deprecated in /home/977018.cloudwaysapps.com/eexddamdea/public_html/wp-content/themes/Divi/includes/builder/class-et-builder-element.php on line 1425
[08-Apr-2026 07:56:16 UTC] PHP Deprecated:  Creation of dynamic property DSM_Button::$icon_path is deprecated in /home/977018.cloudwaysapps.com/eexddamdea/public_html/wp-content/themes/Divi/includes/builder/class-et-builder-element.php on line 1425
[08-Apr-2026 07:56:16 UTC] PHP Deprecated:  Creation of dynamic property DSM_CalderaForms::$icon_path is deprecated in /home/977018.cloudwaysapps.com/eexddamdea/public_html/wp-content/themes/Divi/includes/builder/class-et-builder-element.php on line 1425
[08-Apr-2026 07:56:16 UTC] PHP Deprecated:  Using ${var} in strings is deprecated, use {$var} instead in /home/977018.cloudwaysapps.com/eexddamdea/public_html/wp-content/plugins/supreme-modules-pro-for-divi/includes/modules/Card/Card.php on line 1719
[08-Apr-2026 07:56:16 UTC] PHP Deprecated:  Creation of dynamic property DSM_Card::$icon_path is deprecated in /home/977018.cloudwaysapps.com/eexddamdea/public_html/wp-content/themes/Divi/includes/builder/class-et-builder-element.php on line 1425
[08-Apr-2026 07:56:16 UTC] PHP Deprecated:  Using ${var} in strings is deprecated, use {$var} instead in /home/977018.cloudwaysapps.com/eexddamdea/public_html/wp-content/plugins/supreme-modules-pro-for-divi/includes/modules/CardCarousel/CardCarousel.php on line 1825
[08-Apr-2026 07:56:16 UTC] PHP Deprecated:  Creation of dynamic property DSM_CardCarousel::$icon_path is deprecated in /home/977018.cloudwaysapps.com/eexddamdea/public_html/wp-content/themes/Divi/includes/builder/class-et-builder-element.php on line 1425
[08-Apr-2026 07:56:16 UTC] PHP Deprecated:  Using ${var} in strings is deprecated, use {$var} instead in /home/977018.cloudwaysapps.com/eexddamdea/public_html/wp-content/plugins/supreme-modules-pro-for-divi/includes/modules/CardCarouselChild/CardCarouselChild.php on line 1446
[08-Apr-2026 07:56:16 UTC] PHP Deprecated:  Creation of dynamic property DSM_ContactForm7::$icon_path is deprecated in /home/977018.cloudwaysapps.com/eexddamdea/public_html/wp-content/themes/Divi/includes/builder/class-et-builder-element.php on line 1425
[08-Apr-2026 07:56:16 UTC] PHP Deprecated:  Creation of dynamic property DSM_Content_Toggle::$icon_path is deprecated in /home/977018.cloudwaysapps.com/eexddamdea/public_html/wp-content/themes/Divi/includes/builder/class-et-builder-element.php on line 1425
[08-Apr-2026 07:56:16 UTC] PHP Deprecated:  Automatic conversion of false to array is deprecated in /home/977018.cloudwaysapps.com/eexddamdea/public_html/wp-content/plugins/supreme-modules-pro-for-divi/includes/modules/ContentToggle/ContentToggle.php on line 48
[08-Apr-2026 07:56:16 UTC] PHP Deprecated:  Creation of dynamic property DSM_Dual_Heading::$icon_path is deprecated in /home/977018.cloudwaysapps.com/eexddamdea/public_html/wp-content/themes/Divi/includes/builder/class-et-builder-element.php on line 1425
[08-Apr-2026 07:56:16 UTC] PHP Deprecated:  Creation of dynamic property DSM_EmbedGoogleMap::$icon_path is deprecated in /home/977018.cloudwaysapps.com/eexddamdea/public_html/wp-content/themes/Divi/includes/builder/class-et-builder-element.php on line 1425
[08-Apr-2026 07:56:16 UTC] PHP Deprecated:  Creation of dynamic property DSM_TwitterEmbeddedTimeline::$icon_path is deprecated in /home/977018.cloudwaysapps.com/eexddamdea/public_html/wp-content/themes/Divi/includes/builder/class-et-builder-element.php on line 1425
[08-Apr-2026 07:56:16 UTC] PHP Deprecated:  Creation of dynamic property DSM_FacebookEmbed::$icon_path is deprecated in /home/977018.cloudwaysapps.com/eexddamdea/public_html/wp-content/themes/Divi/includes/builder/class-et-builder-element.php on line 1425
[08-Apr-2026 07:56:16 UTC] PHP Deprecated:  Creation of dynamic property DSM_FacebookLikeButton::$icon_path is deprecated in /home/977018.cloudwaysapps.com/eexddamdea/public_html/wp-content/themes/Divi/includes/builder/class-et-builder-element.php on line 1425
[08-Apr-2026 07:56:16 UTC] PHP Deprecated:  Creation of dynamic property DSM_FacebookSimpleComments::$icon_path is deprecated in /home/977018.cloudwaysapps.com/eexddamdea/public_html/wp-content/themes/Divi/includes/builder/class-et-builder-element.php on line 1425
[08-Apr-2026 07:56:16 UTC] PHP Deprecated:  Creation of dynamic property DSM_FacebookSimpleFeed::$icon_path is deprecated in /home/977018.cloudwaysapps.com/eexddamdea/public_html/wp-content/themes/Divi/includes/builder/class-et-builder-element.php on line 1425
[08-Apr-2026 07:56:16 UTC] PHP Deprecated:  Using ${var} in strings is deprecated, use {$var} instead in /home/977018.cloudwaysapps.com/eexddamdea/public_html/wp-content/plugins/supreme-modules-pro-for-divi/includes/modules/FlipBoxPerk/FlipBoxPerk.php on line 367
[08-Apr-2026 07:56:16 UTC] PHP Deprecated:  Using ${var} in strings is deprecated, use {$var} instead in /home/977018.cloudwaysapps.com/eexddamdea/public_html/wp-content/plugins/supreme-modules-pro-for-divi/includes/modules/FlipBoxPerk/FlipBoxPerk.php on line 371
[08-Apr-2026 07:56:16 UTC] PHP Deprecated:  Using ${var} in strings is deprecated, use {$var} instead in /home/977018.cloudwaysapps.com/eexddamdea/public_html/wp-content/plugins/supreme-modules-pro-for-divi/includes/modules/FlipBoxPerk/FlipBoxPerk.php on line 372
[08-Apr-2026 07:56:16 UTC] PHP Deprecated:  Using ${var} in strings is deprecated, use {$var} instead in /home/977018.cloudwaysapps.com/eexddamdea/public_html/wp-content/plugins/supreme-modules-pro-for-divi/includes/modules/FlipBoxPerk/FlipBoxPerk.php on line 374
[08-Apr-2026 07:56:16 UTC] PHP Deprecated:  Creation of dynamic property DSM_FlipBox_Perk::$icon_path is deprecated in /home/977018.cloudwaysapps.com/eexddamdea/public_html/wp-content/themes/Divi/includes/builder/class-et-builder-element.php on line 1425
[08-Apr-2026 07:56:16 UTC] PHP Deprecated:  Creation of dynamic property DSM_FlipBox_Perk_Child::$icon_element_selector is deprecated in /home/977018.cloudwaysapps.com/eexddamdea/public_html/wp-content/themes/Divi/includes/builder/class-et-builder-element.php on line 1425
[08-Apr-2026 07:56:16 UTC] PHP Deprecated:  Creation of dynamic property DSM_FlipBox_Perk_Child::$icon_element_classname is deprecated in /home/977018.cloudwaysapps.com/eexddamdea/public_html/wp-content/themes/Divi/includes/builder/class-et-builder-element.php on line 1425
[08-Apr-2026 07:56:16 UTC] PHP Deprecated:  Creation of dynamic property DSM_FloatingMultiImages::$icon_path is deprecated in /home/977018.cloudwaysapps.com/eexddamdea/public_html/wp-content/themes/Divi/includes/builder/class-et-builder-element.php on line 1425
[08-Apr-2026 07:56:16 UTC] PHP Deprecated:  Creation of dynamic property DSM_GlitchText::$icon_path is deprecated in /home/977018.cloudwaysapps.com/eexddamdea/public_html/wp-content/themes/Divi/includes/builder/class-et-builder-element.php on line 1425
[08-Apr-2026 07:56:16 UTC] PHP Deprecated:  Creation of dynamic property DSM_GradientText::$icon_path is deprecated in /home/977018.cloudwaysapps.com/eexddamdea/public_html/wp-content/themes/Divi/includes/builder/class-et-builder-element.php on line 1425
[08-Apr-2026 07:56:16 UTC] PHP Deprecated:  Creation of dynamic property DSM_Icon_Divider::$icon_path is deprecated in /home/977018.cloudwaysapps.com/eexddamdea/public_html/wp-content/themes/Divi/includes/builder/class-et-builder-element.php on line 1425
[08-Apr-2026 07:56:16 UTC] PHP Deprecated:  Creation of dynamic property DSM_Icon_Divider::$icon_element_selector is deprecated in /home/977018.cloudwaysapps.com/eexddamdea/public_html/wp-content/themes/Divi/includes/builder/class-et-builder-element.php on line 1425
[08-Apr-2026 07:56:16 UTC] PHP Deprecated:  Creation of dynamic property DSM_Icon_Divider::$icon_element_classname is deprecated in /home/977018.cloudwaysapps.com/eexddamdea/public_html/wp-content/themes/Divi/includes/builder/class-et-builder-element.php on line 1425
[08-Apr-2026 07:56:16 UTC] PHP Deprecated:  Creation of dynamic property DSM_Icon_List::$icon_path is deprecated in /home/977018.cloudwaysapps.com/eexddamdea/public_html/wp-content/themes/Divi/includes/builder/class-et-builder-element.php on line 1425
[08-Apr-2026 07:56:16 UTC] PHP Deprecated:  Creation of dynamic property DSM_Icon_List_Child::$icon_element_selector is deprecated in /home/977018.cloudwaysapps.com/eexddamdea/public_html/wp-content/themes/Divi/includes/builder/class-et-builder-element.php on line 1425
[08-Apr-2026 07:56:16 UTC] PHP Deprecated:  Creation of dynamic property DSM_Icon_List_Child::$icon_element_classname is deprecated in /home/977018.cloudwaysapps.com/eexddamdea/public_html/wp-content/themes/Divi/includes/builder/class-et-builder-element.php on line 1425
[08-Apr-2026 07:56:16 UTC] PHP Deprecated:  Creation of dynamic property DSM_ImageAccordion::$icon_path is deprecated in /home/977018.cloudwaysapps.com/eexddamdea/public_html/wp-content/themes/Divi/includes/builder/class-et-builder-element.php on line 1425
[08-Apr-2026 07:56:16 UTC] PHP Deprecated:  Automatic conversion of false to array is deprecated in /home/977018.cloudwaysapps.com/eexddamdea/public_html/wp-content/plugins/supreme-modules-pro-for-divi/includes/modules/ImageAccordion/ImageAccordion.php on line 193
[08-Apr-2026 07:56:16 UTC] PHP Deprecated:  Automatic conversion of false to array is deprecated in /home/977018.cloudwaysapps.com/eexddamdea/public_html/wp-content/plugins/supreme-modules-pro-for-divi/includes/modules/ImageAccordionChild/ImageAccordionChild.php on line 315
[08-Apr-2026 07:56:16 UTC] PHP Deprecated:  Creation of dynamic property DSM_ImageCarousel::$icon_path is deprecated in /home/977018.cloudwaysapps.com/eexddamdea/public_html/wp-content/themes/Divi/includes/builder/class-et-builder-element.php on line 1425
[08-Apr-2026 07:56:16 UTC] PHP Deprecated:  Creation of dynamic property DSM_Image_Hotspots::$icon_path is deprecated in /home/977018.cloudwaysapps.com/eexddamdea/public_html/wp-content/themes/Divi/includes/builder/class-et-builder-element.php on line 1425
[08-Apr-2026 07:56:16 UTC] PHP Deprecated:  Creation of dynamic property DSM_ImageHoverReveal::$icon_path is deprecated in /home/977018.cloudwaysapps.com/eexddamdea/public_html/wp-content/themes/Divi/includes/builder/class-et-builder-element.php on line 1425
[08-Apr-2026 07:56:16 UTC] PHP Deprecated:  Creation of dynamic property DSM_ImageReveal::$icon_path is deprecated in /home/977018.cloudwaysapps.com/eexddamdea/public_html/wp-content/themes/Divi/includes/builder/class-et-builder-element.php on line 1425
[08-Apr-2026 07:56:16 UTC] PHP Deprecated:  Creation of dynamic property DSM_Lottie::$icon_path is deprecated in /home/977018.cloudwaysapps.com/eexddamdea/public_html/wp-content/themes/Divi/includes/builder/class-et-builder-element.php on line 1425
[08-Apr-2026 07:56:16 UTC] PHP Deprecated:  Creation of dynamic property DSM_MaskText::$icon_path is deprecated in /home/977018.cloudwaysapps.com/eexddamdea/public_html/wp-content/themes/Divi/includes/builder/class-et-builder-element.php on line 1425
[08-Apr-2026 07:56:16 UTC] PHP Deprecated:  Creation of dynamic property DSM_MasonryGallery::$icon_path is deprecated in /home/977018.cloudwaysapps.com/eexddamdea/public_html/wp-content/themes/Divi/includes/builder/class-et-builder-element.php on line 1425
[08-Apr-2026 07:56:16 UTC] PHP Deprecated:  Automatic conversion of false to array is deprecated in /home/977018.cloudwaysapps.com/eexddamdea/public_html/wp-content/plugins/supreme-modules-pro-for-divi/includes/modules/MasonryGallery/MasonryGallery.php on line 87
[08-Apr-2026 07:56:16 UTC] PHP Deprecated:  Creation of dynamic property DSM_NavMenu::$icon_path is deprecated in /home/977018.cloudwaysapps.com/eexddamdea/public_html/wp-content/themes/Divi/includes/builder/class-et-builder-element.php on line 1425
[08-Apr-2026 07:56:16 UTC] PHP Deprecated:  Creation of dynamic property DSM_Perspective_Image::$icon_path is deprecated in /home/977018.cloudwaysapps.com/eexddamdea/public_html/wp-content/themes/Divi/includes/builder/class-et-builder-element.php on line 1425
[08-Apr-2026 07:56:17 UTC] PHP Deprecated:  Creation of dynamic property DSM_PostCarousel::$icon_path is deprecated in /home/977018.cloudwaysapps.com/eexddamdea/public_html/wp-content/themes/Divi/includes/builder/class-et-builder-element.php on line 1425
[08-Apr-2026 07:56:17 UTC] PHP Deprecated:  Automatic conversion of false to array is deprecated in /home/977018.cloudwaysapps.com/eexddamdea/public_html/wp-content/plugins/supreme-modules-pro-for-divi/includes/modules/PostCarousel/PostCarousel.php on line 106
[08-Apr-2026 07:56:17 UTC] PHP Deprecated:  Creation of dynamic property DSM_PriceList::$icon_path is deprecated in /home/977018.cloudwaysapps.com/eexddamdea/public_html/wp-content/themes/Divi/includes/builder/class-et-builder-element.php on line 1425
[08-Apr-2026 07:56:17 UTC] PHP Deprecated:  Creation of dynamic property DSM_Scroll_Image::$icon_path is deprecated in /home/977018.cloudwaysapps.com/eexddamdea/public_html/wp-content/themes/Divi/includes/builder/class-et-builder-element.php on line 1425
[08-Apr-2026 07:56:17 UTC] PHP Deprecated:  Creation of dynamic property DSM_Shapes::$icon_path is deprecated in /home/977018.cloudwaysapps.com/eexddamdea/public_html/wp-content/themes/Divi/includes/builder/class-et-builder-element.php on line 1425
[08-Apr-2026 07:56:17 UTC] PHP Deprecated:  Creation of dynamic property DSM_ShuffleLetters::$icon_path is deprecated in /home/977018.cloudwaysapps.com/eexddamdea/public_html/wp-content/themes/Divi/includes/builder/class-et-builder-element.php on line 1425
[08-Apr-2026 07:56:17 UTC] PHP Deprecated:  Using ${var} in strings is deprecated, use {$var} instead in /home/977018.cloudwaysapps.com/eexddamdea/public_html/wp-content/plugins/supreme-modules-pro-for-divi/includes/modules/StarRating/StarRating.php on line 402
[08-Apr-2026 07:56:17 UTC] PHP Deprecated:  Using ${var} in strings is deprecated, use {$var} instead in /home/977018.cloudwaysapps.com/eexddamdea/public_html/wp-content/plugins/supreme-modules-pro-for-divi/includes/modules/StarRating/StarRating.php on line 402
[08-Apr-2026 07:56:17 UTC] PHP Deprecated:  Using ${var} in strings is deprecated, use {$var} instead in /home/977018.cloudwaysapps.com/eexddamdea/public_html/wp-content/plugins/supreme-modules-pro-for-divi/includes/modules/StarRating/StarRating.php on line 413
[08-Apr-2026 07:56:17 UTC] PHP Deprecated:  Using ${var} in strings is deprecated, use {$var} instead in /home/977018.cloudwaysapps.com/eexddamdea/public_html/wp-content/plugins/supreme-modules-pro-for-divi/includes/modules/StarRating/StarRating.php on line 413
[08-Apr-2026 07:56:17 UTC] PHP Deprecated:  Creation of dynamic property DSM_Star_Rating::$icon_path is deprecated in /home/977018.cloudwaysapps.com/eexddamdea/public_html/wp-content/themes/Divi/includes/builder/class-et-builder-element.php on line 1425
[08-Apr-2026 07:56:17 UTC] PHP Deprecated:  Creation of dynamic property DSM_Text_Divider::$icon_path is deprecated in /home/977018.cloudwaysapps.com/eexddamdea/public_html/wp-content/themes/Divi/includes/builder/class-et-builder-element.php on line 1425
[08-Apr-2026 07:56:17 UTC] PHP Deprecated:  Creation of dynamic property DSM_TextNotation::$icon_path is deprecated in /home/977018.cloudwaysapps.com/eexddamdea/public_html/wp-content/themes/Divi/includes/builder/class-et-builder-element.php on line 1425
[08-Apr-2026 07:56:17 UTC] PHP Deprecated:  Creation of dynamic property DSM_TextRotator::$icon_path is deprecated in /home/977018.cloudwaysapps.com/eexddamdea/public_html/wp-content/themes/Divi/includes/builder/class-et-builder-element.php on line 1425
[08-Apr-2026 07:56:17 UTC] PHP Deprecated:  Creation of dynamic property DSM_Tilt_Image::$icon_path is deprecated in /home/977018.cloudwaysapps.com/eexddamdea/public_html/wp-content/themes/Divi/includes/builder/class-et-builder-element.php on line 1425
[08-Apr-2026 07:56:17 UTC] PHP Deprecated:  Creation of dynamic property DSM_TypingEffect::$icon_path is deprecated in /home/977018.cloudwaysapps.com/eexddamdea/public_html/wp-content/themes/Divi/includes/builder/class-et-builder-element.php on line 1425
[08-Apr-2026 07:56:17 UTC] PHP Notice:  Function _load_textdomain_just_in_time was called <strong>incorrectly</strong>. Translation loading for the <code>acf</code> domain was triggered too early. This is usually an indicator for some code in the plugin or theme running too early. Translations should be loaded at the <code>init</code> action or later. Please see <a href="https://developer.wordpress.org/advanced-administration/debug/debug-wordpress/">Debugging in WordPress</a> for more information. (This message was added in version 6.7.0.) in /home/977018.cloudwaysapps.com/eexddamdea/public_html/wp-includes/functions.php on line 6131
[08-Apr-2026 07:56:17 UTC] PHP Notice:  Function _load_textdomain_just_in_time was called <strong>incorrectly</strong>. Translation loading for the <code>acf</code> domain was triggered too early. This is usually an indicator for some code in the plugin or theme running too early. Translations should be loaded at the <code>init</code> action or later. Please see <a href="https://developer.wordpress.org/advanced-administration/debug/debug-wordpress/">Debugging in WordPress</a> for more information. (This message was added in version 6.7.0.) in /home/977018.cloudwaysapps.com/eexddamdea/public_html/wp-includes/functions.php on line 6131
[08-Apr-2026 07:56:17 UTC] PHP Deprecated:  Creation of dynamic property Dsm_Supreme_Modules_Pro_For_Divi::$settings_api is deprecated in /home/977018.cloudwaysapps.com/eexddamdea/public_html/wp-content/plugins/supreme-modules-pro-for-divi/includes/class-dsm-supreme-modules-pro-for-divi.php on line 184
[08-Apr-2026 07:56:17 UTC] PHP Deprecated:  Creation of dynamic property Dsm_Supreme_Modules_Pro_For_Divi::$settings_api is deprecated in /home/977018.cloudwaysapps.com/eexddamdea/public_html/wp-content/plugins/supreme-modules-pro-for-divi/includes/class-dsm-supreme-modules-pro-for-divi.php on line 184
[08-Apr-2026 07:56:18 UTC] PHP Deprecated:  Creation of dynamic property DSM_AnimatedGradientText::$icon_path is deprecated in /home/977018.cloudwaysapps.com/eexddamdea/public_html/wp-content/themes/Divi/includes/builder/class-et-builder-element.php on line 1425
[08-Apr-2026 07:56:18 UTC] PHP Deprecated:  Creation of dynamic property DSM_Text_Badges::$icon_path is deprecated in /home/977018.cloudwaysapps.com/eexddamdea/public_html/wp-content/themes/Divi/includes/builder/class-et-builder-element.php on line 1425
[08-Apr-2026 07:56:18 UTC] PHP Deprecated:  Creation of dynamic property DSM_Before_After_Image::$icon_path is deprecated in /home/977018.cloudwaysapps.com/eexddamdea/public_html/wp-content/themes/Divi/includes/builder/class-et-builder-element.php on line 1425
[08-Apr-2026 07:56:18 UTC] PHP Deprecated:  Automatic conversion of false to array is deprecated in /home/977018.cloudwaysapps.com/eexddamdea/public_html/wp-content/plugins/supreme-modules-pro-for-divi/includes/modules/BlobImage/BlobImage.php on line 450
[08-Apr-2026 07:56:18 UTC] PHP Deprecated:  Creation of dynamic property DSM_Block_Reveal_Image::$icon_path is deprecated in /home/977018.cloudwaysapps.com/eexddamdea/public_html/wp-content/themes/Divi/includes/builder/class-et-builder-element.php on line 1425
[08-Apr-2026 07:56:18 UTC] PHP Deprecated:  Creation of dynamic property DSM_BlockRevealText::$icon_path is deprecated in /home/977018.cloudwaysapps.com/eexddamdea/public_html/wp-content/themes/Divi/includes/builder/class-et-builder-element.php on line 1425
[08-Apr-2026 07:56:18 UTC] PHP Deprecated:  Using ${var} in strings is deprecated, use {$var} instead in /home/977018.cloudwaysapps.com/eexddamdea/public_html/wp-content/plugins/supreme-modules-pro-for-divi/includes/modules/BlogCarousel/BlogCarousel.php on line 1622
[08-Apr-2026 07:56:18 UTC] PHP Deprecated:  Creation of dynamic property DSM_BlogCarousel::$icon_path is deprecated in /home/977018.cloudwaysapps.com/eexddamdea/public_html/wp-content/themes/Divi/includes/builder/class-et-builder-element.php on line 1425
[08-Apr-2026 07:56:18 UTC] PHP Deprecated:  Automatic conversion of false to array is deprecated in /home/977018.cloudwaysapps.com/eexddamdea/public_html/wp-content/plugins/supreme-modules-pro-for-divi/includes/modules/BlogCarousel/BlogCarousel.php on line 107
[08-Apr-2026 07:56:19 UTC] PHP Deprecated:  Creation of dynamic property DSM_Breadcrumbs::$icon_path is deprecated in /home/977018.cloudwaysapps.com/eexddamdea/public_html/wp-content/themes/Divi/includes/builder/class-et-builder-element.php on line 1425
[08-Apr-2026 07:56:19 UTC] PHP Deprecated:  Automatic conversion of false to array is deprecated in /home/977018.cloudwaysapps.com/eexddamdea/public_html/wp-content/plugins/supreme-modules-pro-for-divi/includes/modules/Breadcrumbs/Breadcrumbs.php on line 112
[08-Apr-2026 07:56:19 UTC] PHP Deprecated:  Creation of dynamic property DSM_Business_Hours::$icon_path is deprecated in /home/977018.cloudwaysapps.com/eexddamdea/public_html/wp-content/themes/Divi/includes/builder/class-et-builder-element.php on line 1425
[08-Apr-2026 07:56:19 UTC] PHP Deprecated:  Creation of dynamic property DSM_Button::$icon_path is deprecated in /home/977018.cloudwaysapps.com/eexddamdea/public_html/wp-content/themes/Divi/includes/builder/class-et-builder-element.php on line 1425
[08-Apr-2026 07:56:19 UTC] PHP Deprecated:  Creation of dynamic property DSM_CalderaForms::$icon_path is deprecated in /home/977018.cloudwaysapps.com/eexddamdea/public_html/wp-content/themes/Divi/includes/builder/class-et-builder-element.php on line 1425
[08-Apr-2026 07:56:19 UTC] PHP Deprecated:  Using ${var} in strings is deprecated, use {$var} instead in /home/977018.cloudwaysapps.com/eexddamdea/public_html/wp-content/plugins/supreme-modules-pro-for-divi/includes/modules/Card/Card.php on line 1719
[08-Apr-2026 07:56:19 UTC] PHP Deprecated:  Creation of dynamic property DSM_Card::$icon_path is deprecated in /home/977018.cloudwaysapps.com/eexddamdea/public_html/wp-content/themes/Divi/includes/builder/class-et-builder-element.php on line 1425
[08-Apr-2026 07:56:19 UTC] PHP Deprecated:  Using ${var} in strings is deprecated, use {$var} instead in /home/977018.cloudwaysapps.com/eexddamdea/public_html/wp-content/plugins/supreme-modules-pro-for-divi/includes/modules/CardCarousel/CardCarousel.php on line 1825
[08-Apr-2026 07:56:19 UTC] PHP Deprecated:  Creation of dynamic property DSM_CardCarousel::$icon_path is deprecated in /home/977018.cloudwaysapps.com/eexddamdea/public_html/wp-content/themes/Divi/includes/builder/class-et-builder-element.php on line 1425
[08-Apr-2026 07:56:19 UTC] PHP Deprecated:  Using ${var} in strings is deprecated, use {$var} instead in /home/977018.cloudwaysapps.com/eexddamdea/public_html/wp-content/plugins/supreme-modules-pro-for-divi/includes/modules/CardCarouselChild/CardCarouselChild.php on line 1446
[08-Apr-2026 07:56:19 UTC] PHP Deprecated:  Creation of dynamic property DSM_ContactForm7::$icon_path is deprecated in /home/977018.cloudwaysapps.com/eexddamdea/public_html/wp-content/themes/Divi/includes/builder/class-et-builder-element.php on line 1425
[08-Apr-2026 07:56:19 UTC] PHP Deprecated:  Creation of dynamic property DSM_Content_Toggle::$icon_path is deprecated in /home/977018.cloudwaysapps.com/eexddamdea/public_html/wp-content/themes/Divi/includes/builder/class-et-builder-element.php on line 1425
[08-Apr-2026 07:56:19 UTC] PHP Deprecated:  Automatic conversion of false to array is deprecated in /home/977018.cloudwaysapps.com/eexddamdea/public_html/wp-content/plugins/supreme-modules-pro-for-divi/includes/modules/ContentToggle/ContentToggle.php on line 48
[08-Apr-2026 07:56:19 UTC] PHP Deprecated:  Creation of dynamic property DSM_Dual_Heading::$icon_path is deprecated in /home/977018.cloudwaysapps.com/eexddamdea/public_html/wp-content/themes/Divi/includes/builder/class-et-builder-element.php on line 1425
[08-Apr-2026 07:56:19 UTC] PHP Deprecated:  Creation of dynamic property DSM_EmbedGoogleMap::$icon_path is deprecated in /home/977018.cloudwaysapps.com/eexddamdea/public_html/wp-content/themes/Divi/includes/builder/class-et-builder-element.php on line 1425
[08-Apr-2026 07:56:19 UTC] PHP Deprecated:  Creation of dynamic property DSM_TwitterEmbeddedTimeline::$icon_path is deprecated in /home/977018.cloudwaysapps.com/eexddamdea/public_html/wp-content/themes/Divi/includes/builder/class-et-builder-element.php on line 1425
[08-Apr-2026 07:56:19 UTC] PHP Deprecated:  Creation of dynamic property DSM_FacebookEmbed::$icon_path is deprecated in /home/977018.cloudwaysapps.com/eexddamdea/public_html/wp-content/themes/Divi/includes/builder/class-et-builder-element.php on line 1425
[08-Apr-2026 07:56:19 UTC] PHP Deprecated:  Creation of dynamic property DSM_FacebookLikeButton::$icon_path is deprecated in /home/977018.cloudwaysapps.com/eexddamdea/public_html/wp-content/themes/Divi/includes/builder/class-et-builder-element.php on line 1425
[08-Apr-2026 07:56:19 UTC] PHP Deprecated:  Creation of dynamic property DSM_FacebookSimpleComments::$icon_path is deprecated in /home/977018.cloudwaysapps.com/eexddamdea/public_html/wp-content/themes/Divi/includes/builder/class-et-builder-element.php on line 1425
[08-Apr-2026 07:56:19 UTC] PHP Deprecated:  Creation of dynamic property DSM_FacebookSimpleFeed::$icon_path is deprecated in /home/977018.cloudwaysapps.com/eexddamdea/public_html/wp-content/themes/Divi/includes/builder/class-et-builder-element.php on line 1425
[08-Apr-2026 07:56:19 UTC] PHP Deprecated:  Using ${var} in strings is deprecated, use {$var} instead in /home/977018.cloudwaysapps.com/eexddamdea/public_html/wp-content/plugins/supreme-modules-pro-for-divi/includes/modules/FlipBoxPerk/FlipBoxPerk.php on line 367
[08-Apr-2026 07:56:19 UTC] PHP Deprecated:  Using ${var} in strings is deprecated, use {$var} instead in /home/977018.cloudwaysapps.com/eexddamdea/public_html/wp-content/plugins/supreme-modules-pro-for-divi/includes/modules/FlipBoxPerk/FlipBoxPerk.php on line 371
[08-Apr-2026 07:56:19 UTC] PHP Deprecated:  Using ${var} in strings is deprecated, use {$var} instead in /home/977018.cloudwaysapps.com/eexddamdea/public_html/wp-content/plugins/supreme-modules-pro-for-divi/includes/modules/FlipBoxPerk/FlipBoxPerk.php on line 372
[08-Apr-2026 07:56:19 UTC] PHP Deprecated:  Using ${var} in strings is deprecated, use {$var} instead in /home/977018.cloudwaysapps.com/eexddamdea/public_html/wp-content/plugins/supreme-modules-pro-for-divi/includes/modules/FlipBoxPerk/FlipBoxPerk.php on line 374
[08-Apr-2026 07:56:19 UTC] PHP Deprecated:  Creation of dynamic property DSM_FlipBox_Perk::$icon_path is deprecated in /home/977018.cloudwaysapps.com/eexddamdea/public_html/wp-content/themes/Divi/includes/builder/class-et-builder-element.php on line 1425
[08-Apr-2026 07:56:19 UTC] PHP Deprecated:  Creation of dynamic property DSM_FlipBox_Perk_Child::$icon_element_selector is deprecated in /home/977018.cloudwaysapps.com/eexddamdea/public_html/wp-content/themes/Divi/includes/builder/class-et-builder-element.php on line 1425
[08-Apr-2026 07:56:19 UTC] PHP Deprecated:  Creation of dynamic property DSM_FlipBox_Perk_Child::$icon_element_classname is deprecated in /home/977018.cloudwaysapps.com/eexddamdea/public_html/wp-content/themes/Divi/includes/builder/class-et-builder-element.php on line 1425
[08-Apr-2026 07:56:19 UTC] PHP Deprecated:  Creation of dynamic property DSM_FloatingMultiImages::$icon_path is deprecated in /home/977018.cloudwaysapps.com/eexddamdea/public_html/wp-content/themes/Divi/includes/builder/class-et-builder-element.php on line 1425
[08-Apr-2026 07:56:19 UTC] PHP Deprecated:  Creation of dynamic property DSM_GlitchText::$icon_path is deprecated in /home/977018.cloudwaysapps.com/eexddamdea/public_html/wp-content/themes/Divi/includes/builder/class-et-builder-element.php on line 1425
[08-Apr-2026 07:56:19 UTC] PHP Deprecated:  Creation of dynamic property DSM_GradientText::$icon_path is deprecated in /home/977018.cloudwaysapps.com/eexddamdea/public_html/wp-content/themes/Divi/includes/builder/class-et-builder-element.php on line 1425
[08-Apr-2026 07:56:19 UTC] PHP Deprecated:  Creation of dynamic property DSM_Icon_Divider::$icon_path is deprecated in /home/977018.cloudwaysapps.com/eexddamdea/public_html/wp-content/themes/Divi/includes/builder/class-et-builder-element.php on line 1425
[08-Apr-2026 07:56:19 UTC] PHP Deprecated:  Creation of dynamic property DSM_Icon_Divider::$icon_element_selector is deprecated in /home/977018.cloudwaysapps.com/eexddamdea/public_html/wp-content/themes/Divi/includes/builder/class-et-builder-element.php on line 1425
[08-Apr-2026 07:56:19 UTC] PHP Deprecated:  Creation of dynamic property DSM_Icon_Divider::$icon_element_classname is deprecated in /home/977018.cloudwaysapps.com/eexddamdea/public_html/wp-content/themes/Divi/includes/builder/class-et-builder-element.php on line 1425
[08-Apr-2026 07:56:19 UTC] PHP Deprecated:  Creation of dynamic property DSM_Icon_List::$icon_path is deprecated in /home/977018.cloudwaysapps.com/eexddamdea/public_html/wp-content/themes/Divi/includes/builder/class-et-builder-element.php on line 1425
[08-Apr-2026 07:56:19 UTC] PHP Deprecated:  Creation of dynamic property DSM_Icon_List_Child::$icon_element_selector is deprecated in /home/977018.cloudwaysapps.com/eexddamdea/public_html/wp-content/themes/Divi/includes/builder/class-et-builder-element.php on line 1425
[08-Apr-2026 07:56:19 UTC] PHP Deprecated:  Creation of dynamic property DSM_Icon_List_Child::$icon_element_classname is deprecated in /home/977018.cloudwaysapps.com/eexddamdea/public_html/wp-content/themes/Divi/includes/builder/class-et-builder-element.php on line 1425
[08-Apr-2026 07:56:19 UTC] PHP Deprecated:  Creation of dynamic property DSM_ImageAccordion::$icon_path is deprecated in /home/977018.cloudwaysapps.com/eexddamdea/public_html/wp-content/themes/Divi/includes/builder/class-et-builder-element.php on line 1425
[08-Apr-2026 07:56:19 UTC] PHP Deprecated:  Automatic conversion of false to array is deprecated in /home/977018.cloudwaysapps.com/eexddamdea/public_html/wp-content/plugins/supreme-modules-pro-for-divi/includes/modules/ImageAccordion/ImageAccordion.php on line 193
[08-Apr-2026 07:56:19 UTC] PHP Deprecated:  Automatic conversion of false to array is deprecated in /home/977018.cloudwaysapps.com/eexddamdea/public_html/wp-content/plugins/supreme-modules-pro-for-divi/includes/modules/ImageAccordionChild/ImageAccordionChild.php on line 315
[08-Apr-2026 07:56:19 UTC] PHP Deprecated:  Creation of dynamic property DSM_ImageCarousel::$icon_path is deprecated in /home/977018.cloudwaysapps.com/eexddamdea/public_html/wp-content/themes/Divi/includes/builder/class-et-builder-element.php on line 1425
[08-Apr-2026 07:56:19 UTC] PHP Deprecated:  Creation of dynamic property DSM_Image_Hotspots::$icon_path is deprecated in /home/977018.cloudwaysapps.com/eexddamdea/public_html/wp-content/themes/Divi/includes/builder/class-et-builder-element.php on line 1425
[08-Apr-2026 07:56:19 UTC] PHP Deprecated:  Creation of dynamic property DSM_ImageHoverReveal::$icon_path is deprecated in /home/977018.cloudwaysapps.com/eexddamdea/public_html/wp-content/themes/Divi/includes/builder/class-et-builder-element.php on line 1425
[08-Apr-2026 07:56:19 UTC] PHP Deprecated:  Creation of dynamic property DSM_ImageReveal::$icon_path is deprecated in /home/977018.cloudwaysapps.com/eexddamdea/public_html/wp-content/themes/Divi/includes/builder/class-et-builder-element.php on line 1425
[08-Apr-2026 07:56:19 UTC] PHP Deprecated:  Creation of dynamic property DSM_Lottie::$icon_path is deprecated in /home/977018.cloudwaysapps.com/eexddamdea/public_html/wp-content/themes/Divi/includes/builder/class-et-builder-element.php on line 1425
[08-Apr-2026 07:56:19 UTC] PHP Deprecated:  Creation of dynamic property DSM_MaskText::$icon_path is deprecated in /home/977018.cloudwaysapps.com/eexddamdea/public_html/wp-content/themes/Divi/includes/builder/class-et-builder-element.php on line 1425
[08-Apr-2026 07:56:19 UTC] PHP Deprecated:  Creation of dynamic property DSM_MasonryGallery::$icon_path is deprecated in /home/977018.cloudwaysapps.com/eexddamdea/public_html/wp-content/themes/Divi/includes/builder/class-et-builder-element.php on line 1425
[08-Apr-2026 07:56:19 UTC] PHP Deprecated:  Automatic conversion of false to array is deprecated in /home/977018.cloudwaysapps.com/eexddamdea/public_html/wp-content/plugins/supreme-modules-pro-for-divi/includes/modules/MasonryGallery/MasonryGallery.php on line 87
[08-Apr-2026 07:56:19 UTC] PHP Deprecated:  Creation of dynamic property DSM_NavMenu::$icon_path is deprecated in /home/977018.cloudwaysapps.com/eexddamdea/public_html/wp-content/themes/Divi/includes/builder/class-et-builder-element.php on line 1425
[08-Apr-2026 07:56:19 UTC] PHP Deprecated:  Creation of dynamic property DSM_Perspective_Image::$icon_path is deprecated in /home/977018.cloudwaysapps.com/eexddamdea/public_html/wp-content/themes/Divi/includes/builder/class-et-builder-element.php on line 1425
[08-Apr-2026 07:56:19 UTC] PHP Deprecated:  Creation of dynamic property DSM_PostCarousel::$icon_path is deprecated in /home/977018.cloudwaysapps.com/eexddamdea/public_html/wp-content/themes/Divi/includes/builder/class-et-builder-element.php on line 1425
[08-Apr-2026 07:56:19 UTC] PHP Deprecated:  Automatic conversion of false to array is deprecated in /home/977018.cloudwaysapps.com/eexddamdea/public_html/wp-content/plugins/supreme-modules-pro-for-divi/includes/modules/PostCarousel/PostCarousel.php on line 106
[08-Apr-2026 07:56:19 UTC] PHP Deprecated:  Creation of dynamic property DSM_PriceList::$icon_path is deprecated in /home/977018.cloudwaysapps.com/eexddamdea/public_html/wp-content/themes/Divi/includes/builder/class-et-builder-element.php on line 1425
[08-Apr-2026 07:56:19 UTC] PHP Deprecated:  Creation of dynamic property DSM_Scroll_Image::$icon_path is deprecated in /home/977018.cloudwaysapps.com/eexddamdea/public_html/wp-content/themes/Divi/includes/builder/class-et-builder-element.php on line 1425
[08-Apr-2026 07:56:19 UTC] PHP Deprecated:  Creation of dynamic property DSM_Shapes::$icon_path is deprecated in /home/977018.cloudwaysapps.com/eexddamdea/public_html/wp-content/themes/Divi/includes/builder/class-et-builder-element.php on line 1425
[08-Apr-2026 07:56:19 UTC] PHP Deprecated:  Creation of dynamic property DSM_ShuffleLetters::$icon_path is deprecated in /home/977018.cloudwaysapps.com/eexddamdea/public_html/wp-content/themes/Divi/includes/builder/class-et-builder-element.php on line 1425
[08-Apr-2026 07:56:19 UTC] PHP Deprecated:  Using ${var} in strings is deprecated, use {$var} instead in /home/977018.cloudwaysapps.com/eexddamdea/public_html/wp-content/plugins/supreme-modules-pro-for-divi/includes/modules/StarRating/StarRating.php on line 402
[08-Apr-2026 07:56:19 UTC] PHP Deprecated:  Using ${var} in strings is deprecated, use {$var} instead in /home/977018.cloudwaysapps.com/eexddamdea/public_html/wp-content/plugins/supreme-modules-pro-for-divi/includes/modules/StarRating/StarRating.php on line 402
[08-Apr-2026 07:56:19 UTC] PHP Deprecated:  Using ${var} in strings is deprecated, use {$var} instead in /home/977018.cloudwaysapps.com/eexddamdea/public_html/wp-content/plugins/supreme-modules-pro-for-divi/includes/modules/StarRating/StarRating.php on line 413
[08-Apr-2026 07:56:19 UTC] PHP Deprecated:  Using ${var} in strings is deprecated, use {$var} instead in /home/977018.cloudwaysapps.com/eexddamdea/public_html/wp-content/plugins/supreme-modules-pro-for-divi/includes/modules/StarRating/StarRating.php on line 413
[08-Apr-2026 07:56:19 UTC] PHP Deprecated:  Creation of dynamic property DSM_Star_Rating::$icon_path is deprecated in /home/977018.cloudwaysapps.com/eexddamdea/public_html/wp-content/themes/Divi/includes/builder/class-et-builder-element.php on line 1425
[08-Apr-2026 07:56:19 UTC] PHP Deprecated:  Creation of dynamic property DSM_Text_Divider::$icon_path is deprecated in /home/977018.cloudwaysapps.com/eexddamdea/public_html/wp-content/themes/Divi/includes/builder/class-et-builder-element.php on line 1425
[08-Apr-2026 07:56:19 UTC] PHP Deprecated:  Creation of dynamic property DSM_TextNotation::$icon_path is deprecated in /home/977018.cloudwaysapps.com/eexddamdea/public_html/wp-content/themes/Divi/includes/builder/class-et-builder-element.php on line 1425
[08-Apr-2026 07:56:19 UTC] PHP Deprecated:  Creation of dynamic property DSM_TextRotator::$icon_path is deprecated in /home/977018.cloudwaysapps.com/eexddamdea/public_html/wp-content/themes/Divi/includes/builder/class-et-builder-element.php on line 1425
[08-Apr-2026 07:56:19 UTC] PHP Deprecated:  Creation of dynamic property DSM_Tilt_Image::$icon_path is deprecated in /home/977018.cloudwaysapps.com/eexddamdea/public_html/wp-content/themes/Divi/includes/builder/class-et-builder-element.php on line 1425
[08-Apr-2026 07:56:19 UTC] PHP Deprecated:  Creation of dynamic property DSM_TypingEffect::$icon_path is deprecated in /home/977018.cloudwaysapps.com/eexddamdea/public_html/wp-content/themes/Divi/includes/builder/class-et-builder-element.php on line 1425
[08-Apr-2026 07:56:20 UTC] PHP Notice:  Function _load_textdomain_just_in_time was called <strong>incorrectly</strong>. Translation loading for the <code>acf</code> domain was triggered too early. This is usually an indicator for some code in the plugin or theme running too early. Translations should be loaded at the <code>init</code> action or later. Please see <a href="https://developer.wordpress.org/advanced-administration/debug/debug-wordpress/">Debugging in WordPress</a> for more information. (This message was added in version 6.7.0.) in /home/977018.cloudwaysapps.com/eexddamdea/public_html/wp-includes/functions.php on line 6131
[08-Apr-2026 07:56:20 UTC] PHP Deprecated:  Creation of dynamic property Dsm_Supreme_Modules_Pro_For_Divi::$settings_api is deprecated in /home/977018.cloudwaysapps.com/eexddamdea/public_html/wp-content/plugins/supreme-modules-pro-for-divi/includes/class-dsm-supreme-modules-pro-for-divi.php on line 184
[08-Apr-2026 07:56:24 UTC] PHP Notice:  Function _load_textdomain_just_in_time was called <strong>incorrectly</strong>. Translation loading for the <code>acf</code> domain was triggered too early. This is usually an indicator for some code in the plugin or theme running too early. Translations should be loaded at the <code>init</code> action or later. Please see <a href="https://developer.wordpress.org/advanced-administration/debug/debug-wordpress/">Debugging in WordPress</a> for more information. (This message was added in version 6.7.0.) in /home/977018.cloudwaysapps.com/eexddamdea/public_html/wp-includes/functions.php on line 6131
[08-Apr-2026 07:56:24 UTC] PHP Deprecated:  Creation of dynamic property Dsm_Supreme_Modules_Pro_For_Divi::$settings_api is deprecated in /home/977018.cloudwaysapps.com/eexddamdea/public_html/wp-content/plugins/supreme-modules-pro-for-divi/includes/class-dsm-supreme-modules-pro-for-divi.php on line 184
